Start	Sequence
35391305	TTGTGATATATATATATATATATATATATATATATATATATATATATGTATATATATATGTATATATATGTATATAA
35402950	ATTAACTATATATATGTGTATATATATATATATATATATATATATATATATATATATATATATATATAGTTGTTT
35524995	ATATATACATATATATATATATATGTATATATATATATATACATATATATATATGTATATATATATATATATATATATATATATATATTTTTTT
35656798	GATTTAATATATATATATATATATATATATATATATATATATATATATATGCTCA
35683380	TCTCTCTCTCTCTCTCTCTATCTCTCTCTATATATAGAGAGAGAGACAGAGAGAGAGACAGACA
35749986	ATTATATATATATATATATATATATATATATATATATATGTATGTATGTATTT
35750399	ATAAGTTATATATATATATATATATATATATATATATATATATATATATATATATCTGATA
36757975	TGTGTCTATATATATATATATATATATATATATATATATATATATGTATATATGTATAACC
37009582	TGATATATAATATATATAATATATTTCATATGTAATATATTATATATGATATATATTATATATGAT
37009938	TTATATATAATATAAACTATATGTTATATATAATATATAGTATATATTATATACTATATATTATATATATTATATATTATATATAATATAAACTATATGTATTATATATTATATAATATATAATGTATATAGTATATATTATATATTA
37010087	TATATAATTATATATAATTGTATAAATATAATTATATATAATTATATAAATATAATTATATATAATTATACA
14421951	AAATATTTGTTTATGTTTAATAAACAAATATTTGTTTATTTAACATAAACAAACATAT
14702897	TATATATATATATTATATATATAATATATATTATATATATAATATATATATATAATATATATTATATATATATATAATATATATTATATATATAATATACA
14756381	TTTATACATATATATATACACACATATATATGTGTGTATATATATATACACACACATATATATATATAT
14840770	ATAATATATATAATTTATATATTATATATAATTTATATATTATATATAATTT
14862865	TCTCTACAAATATATATATATATATATATATATATATATATATATATATATATATATATATATATATTTTTTTTTTT
14879445	TGTATATATGTATAATACATATACATGTATATGCATAATACATATACATA
15437945	ATTCATTATATATATATATATATATATATATATATATATATATATATATATTTTTTTTT
15460437	TATATATAATATATAAATATATTATATATAATTATATATAATTTATAAATATATTATATATA
15460500	AAATATATAATATATTTTTATATATTATATAATTATATATAATATATAAATATATTATATATAT
15478517	AAAAAAAAATATATATATATATATATATATATATATATATATATATATATATAAAAATACATGT
15533895	ATATAATATATATCTATATAATATATTAATATATAATATACATATATAATATAT
15582483	ATAAAGTAGAACTAATTGTTCTACTTATAAGTCGAACAAGTAATTCTACTTTCT
15949543	TTTATATATATGTGTGTATATATATATATATATATATATATATATATATATATATATATATATTTTTTTTT
16039626	TAGAATTTGACAAGGGATATATATATATATATATATATATATATATATATATATATATATATATATCCCTTGTCAAAGATGA
16043877	TATATGTATATATACATACATATGTATATATGTATATATGTATATATACATACA
16069471	CTCTTTTTCATATATATATATATATATATATATATATATATATATAAAGGGG
16612073	TACTATATATATATATATATATATATATATATATATATATATATTTGAGA
16668749	TATGTGTAAGCATATATATATATATATATATATATATATATATATATATACACACACACA
17732293	TATAAAATATATTATATATAATATTTACATATAATATATATTATATGTAAATATTATATATTATATATAATATA
17732372	TTTATTATATATTATATATATAATATAATTATATATTATATATAATATATAATATAATTATATATTATATATAATATATAATTATTATATATGAT
17732533	ATATATAATATATATTAATATATTATATATAATATATAAATATAAATTATTTAT
17782140	TTTATATATATGTGTGTATATATATATATATATATATATATATATACACACACACATATATATATA
17821056	TATATGTGTGTATATATATATGTATATATATATATATACACACACACACA
17856713	CGTGCATATATATATATATATATATATATATATATATATATATATATATGTTAG
18119706	TGTATATGTATATATATACATATACATATGTATGTGTATATATGTATATATATA
18119782	ATACAGTATATATGTGTATATATACATATACAGTGTATATATGTATATATATACATATATACAGTGTATATGTATATATATACATATATACAGTGTATATGTATATATACA
18119929	ACATACATATATACATATATACGTATATATATACATATATACTTATATATGTATATATATACGTATATATGTATATATGTATATATATATAT
18345343	TATAATCATATAATTATAATCATGTAATTATATAATTATATAATTATAATTATATAATTATA
18345433	TTATATAATATATAATATATTATATATATCATATAATTATATGATATATATAATATATTATATATATTATAA
18345529	TATATATTATATCATAGTATATATTATATAATATATAATATAATATAATATAAA
18441422	TCTCTATATATATATACACACATATATACGTGTGTGTATATATATATATATATACACATATATATGTGTGTATATATATATACATATATATATATATATATATATATATATATGC
18457483	AACCATATATATATATATATATATATATATATATATATATATATATATATATATATATATATATATATATATATATATATATATATATATATATATATAGAGAGAGA
18596945	CAACTATATATATATATATATATATATATATATATATATATATATATATATATATATATATATATGAGTATTT
18742245	TGTATATATATATACACGTGTATATATATACACGTATATACGTATATATATATATACATGTATATATATATATA
19546434	TTGGTGTATATATATATATATATATATATATATATATATATATAAAATCAA
19620986	ATACATATATGTATATATTATATACATATATATGTATATAATATATACATATATATGT
19877014	ACATATTTTATATATATATATATATATATATATATATATATATATATATATATGATTTA
20118694	TTAAATTTATATATGTGTATATATATTTAAATTTATATATATATACACATATACATATTTTA
20231515	TTTCTATATATATATATATATATATATATGTATATATATATATATATATATATATATATATGTATATATATATATATATATATATATATATACACACA
46612370	TGTATATGTATATACATATATATACATATATATATATATATATATATATATATATATA
47069922	ATATATATATATATATGTGTATATATACACACATATATATGTGTGTGTATATATACACATATATATATGTGTGTATATACACACATATATATACA
47070111	TGTGTGTGTATATATATATATATATATATATATATATATATATATATATATATTC
47510618	TAAGTGTGTATATATATATATATATATATATATATATATATATATATATATATATATATACCTACT
47577667	TGTCTATATATATATAGACATTTGTTTATATATATATATAAAAATGTCTATATATATATATATA
47584296	AATATATAACATATTATATAATATTTTATATATAATGTATTATATAATATTTTATATAATATATTATATATAAAATATTATATAATACATTATATATT
47584923	AATATATATAAAATATATTATATATATTATATAATATATATAAAATATATTATATATTAT
47585000	TATTATATATTATATAATATATATAAAATATATTATATATATTTTATATAATATATATAA
47636526	TATATGTATATATAGGTGCATATATGTACATATATGCACCTATATATACTCAGA
47728201	TTATATAATATATTATATATTATTATTAATTATATAATATATTAATATATTATATAATTAATAATAATATATAATATAATATATTA
47746688	TTTATATATACATATATATGTGTATATATATATATATGTGTATATATATATATATATATATATATATATAGAGA
47883499	TATATATATATACCCAGATATATATATATATATATATATGTATATATATATACCCAGATATATATATATATA
47883606	ACCCAGATATATATATATATATATATATATATATATATATATACCCAGAT
47884296	TATATATATGTGTGTGTGTGTACATATATACACACACACACACACATATACA
47884712	GGTTATGTGTGTGTGTGTGTATATATATATATATATATATATATATATATACACACACACACACATACCC
47898746	ATATATACACATATGTGTATAAATATATATATATACACATATGTATATAACT
47983283	ATATGAAATATATATATATATATATATATATATATATATATATATATATATATATATATGACAT
48011091	ATGAATGTGTGTGTGTGCATATATATATATATATATATATGCACACACACACAATATT
48039221	TTAAATATATATATTATATATATATATATATATAATATATATATATATGA
35408897	ATATATGTAATATATAATATTTTACATATATATGTAATATATAATATTTTACATATAT
35548168	TGTGTATGTATGTGTGTGTGCATATATATATATACACACACACACATATATACACA
35548644	ATATACATACATATATTATATATACATATATAATATATATACATATATACTTATATATATTATATATGTATATATAATATATGTGTGTATGT
35694544	AAAAAAATATATATATATATATACACACATATATATATGTGTGTGTATATATATATATATACACACACATATATATATGTGTGTATATATATACATATATATGTATATATATATACACATATATATGTATATATATATACATATATATATGGA
35813612	TATATAATTTAATTTAATTTAATTATATATAATTTAATTTAATTTAATTATATA
35813744	TTTAATTTAATTTAATTATATATATTTAATTTAAATTAATTATATATAATTTAATTTAATTATATATAATTTAATTTAATTATATATAATTAAATTAAATTATATATAATTAAATTAAATTAAATTATA
35842940	TAATAATTAATAATTATTAATAATTAATTTTAATTAAAATTAATAATTAATAATTATTAATAATTAATTTTAATTAAAATTAATGATTAAAA
36114975	TAGGTATATGTGTGTGTGTGTATATATATATATATATATATATATATATATATATATATATACACACACACATATATATACAT
36212305	AAACACCATATTTATATATATATATATATATATATATATATATATATATATGATATAT
36270157	AAAAACTATATATATATATATATATATATATATATATATATATGCACTTTTT
36492554	ACATAAGTATATATGTATATATATAAGCTTATATATAATTATATATACTTATAT
36598462	ATATTTTATATATATATATATATAATTATATATGTACATATATATAATTT
36674463	TAATTATATATATATAATATATATATATAATTATATATATATATTATATACATATAATCA
36703655	ACATATACATGTAAATACATACATATATGTATGCATTTATATGTGTATAT
36839629	TGTGTATATATATATATATATATATATATGTATATATATATGTATATATAAA
36886082	TTAGTTTATATATATATATATATATATATATATATATATATATATATATCCAGGA
36909818	ATATACACATATATTGATATATATTCGTGTGTGGATGTGTATATACACATCCACACACGAATATATATGAATATGTGTGTGTGT
36935299	TGTATATCTGGATATATATGTGTGTGTGTATATATATATATACACACACACACATATATATACATATATATA
37029164	CAATGATATATATATCAAAGATATATATATCAATGATATATATATCAAAGATACATATGTATCAATGATATATATATCATTGATATATATATATATATCAATGATATATATATAA
37487972	ATCAGTATATATATATATATATATATATATATATATATATATATATATATATATATATATATATATATATATATATATATATATACACAAACA
37567770	ATGTGTGTATACACGTATGTATACATATGTATACATATGTGTGTATACACGTATGTATACATATGTATATATACACATATAT
37567945	TATATGTGTGTATATGTATATATACGTATATATATGTATACACACACACA
37685614	TATATATATATATACACACACATATATATATATATGTATATATATATGTGTATATATATATACATATATATATATATACATATATATATATATATATATGTATATATATCCCAA
37710420	TGATTGTATATATACGCACATGTATATATACAAGTGCGTATATATACACACA
37849051	GTGTGTATATATATATATATATATATATATATATATATATATATCTCCAC
37920946	TAATATGTATAATATATATAATATATTATATATAATATATTATATGTATAATATATATAA
38017481	ATATATAATAGTACAATTATATTTTATATATAATTGTACAATTATATATTATATATAATTGTACAATTATATATATAATTTTACAATTATATTTTATATATAATTTT
38141979	ACACACACATATATATATATATATATATATATATATATATATATATATATATATAT
38165426	ATATATTATATGTAATATATAATATATCATATAATATATATCATATATGATATATATTATATGATATATTATATATCATATATGATATATATTATATGATATAATATATATCATATA
38174619	ACTCATATATAAATATATATATATATATATATATATATATATATATATATATATATATATATATGCA
38297296	TTTCATATATATATATATATATATATATATATATATATATATATATATATATCCTA
38299849	ATATATATATATATATCTGATATATATATATATATATATATATCTGATATATATATATATATATATATATCTGATATATATATATATATATATATATAT
38487155	TGTGTGTATATATATGTGTGTATATATAAACATACACATATATACACATA
38675294	TGTATATTTTATATAAAATATATATTGTATATTTTATATAAAATATATATTGTATATTTTATATAAAATATATATTGTATATTTTATATAAAATATATATTGTATATTTTATATAAAATATACTATATATATATTTTTT
38696361	AGATACATATGTATATATATGTATATATATATATATATACATATATATAT
38796282	TGATATGATATTATATCATATCTCATATGAGATATGATATAATATGATATGA
38916908	TGTGTGTGTATATATATATATACATATATATATATGTGTATATATATATATACATATATATATATGTGTATATATATATGTGTATATATATATATATACACACACATATATATGTATA
38954356	TTTGTGTGTGTGTATATATATATATATATATGAATATATATACACACGCACACA
38979726	TAAATATGTGTGTATGTGTGTGTGTGTGTGTGTATATATATATACACACACACACACACACATACACACACACACA
39129632	TGTGATTGATATATATATATATATATATATATATATATATATATATATATATATATATATCACATT
39163379	TTTATATATTTATATATACGTATATATATATACGTATATATATATATATATATATACACATATATATAAATG
41259675	TATATACATATATACGTGTATATATATATATATACGTGTATATATATACA
41322093	ATACACACGTGTGTATATATATATGTATAGTATATGTATATATCTCAAGATATATATCTTGAGATATATACATATACTATACATATATATATACACACATATGTGT
41606237	TGTGTGTGTATATATATATATATATATATATATATATATATATGTACATACA
41806178	AGTAAAATTATATATATATATATATATATATATATATATATATATATATATATATATATATATGATGTGATT
41910984	ATCTTTCTAAGTGGCATTCATAGCAAAAAAAGATATATATATCTTTATATATATATATATATATATCTTTTTTTGCTATGAATGCCACTTAGAAATTT
41939536	TAAGTATATGTATATATATATATATATATATATATATATATATATATATATAGCTTTTC
42334713	TGAGATATATATATATATATATATATATATATATATATATATATATATATATATATATATAAAATA
42620270	TAAATTTTATTTATATATATATATATATATATATATATATATTTCAAATTTA
42646034	TTTATATTATATTATATATAATTATATATTTATATATCATATATTATATA
42646216	TATTTATATAATGATATATATTTATATATAAATATATATAATGATATATACA
42649779	TGTGTGTGTATATATATATATATATATATATATATATATATATATATATATATATATATATATATATATATATATATCTCCAC
42721784	GCATATATATACATATACATACATATATATGTGTATATATACGTATATATATAC
43174610	AAATATTATATATTATATATTATATATATTATATATTATATAATAAATATTATATATAATATATAATATATAATTTATA
43174782	TTATATATATAATATATTATATATAATATATATTATATATTATATATAATATATATTATATATTATATATAATATATAATATATATTATATATAA
43174926	AATATATAAAATATTATATATATAATATATATATTATATATATAAAATATATATATTATATATAAAATATTATATATAAT
43196952	TTTTATATATATATATATATATATATATATATATATATATATATATATATATATATATATATACTTCA
43393188	ATAATATATATATGATATATGTATCATATATACGATACATATATCATACATATATCAT
43746471	TGTATGTGTGTATATATATATATATATATATATATATATATATATATATATATATATAAATTAGT
43855416	AATAAAATATATATATATATATATATATATATATATATATATATATATATATATATATATACACAAGT
43915626	TGTGTATATATATGTGTGTATATATACATATATACACATATACACACATATATATACATA
44545818	ACGTATGTGTATATATATATATATATATATATATATATATATATATATATATATATATAGTCTC
44947930	TATATATATATATATATGTATATATATATATATACATGTATGTATGTATATA
45129047	GAATATATATACGAATATATATACGAATATATATACGAATATATATACGTATATATATACGTATATATACACGAATATATATACGTATATATA
45254942	TGTGTGTGTGTGTATATATATATATATATATATATATATATACACTCACAATAA
45327290	AAAATTGTATATATATATATATATATATATATATATATATATATATATATATATATATGTTATAT
45337211	TGAATGAAATATATATATATATATATATATATATATATATATATATATATATATATATATATATGTTTTATATA
45771412	TTATATATTAATTATATTAGTTAATATAATTATATTAGTTAATATAATTAATATATTA
46007673	AAAAAAAAATATATATATATATATATATATATATATATATATATATATATATATATATATAAAATTGTT
46223553	GTGTGTATATATATATAGCCTATATATACATATATATGTATATATAGGCTATATATATATATAGGC
46239011	TATACACACTGTGTGTGTGTGTATATATATACACACACACTATGTGTACA
46409950	ATGTATATATATGTATATATATGTATATATACGTATATATACGTATATATATGTATATATATGTATATATATGTATATATATG
46898636	TGTTACTATATTATTGTAAGTATTATAATACTTACAATGATATAATATCA
46920025	TGAAAGTTATATATATATATATATATATATATATATATATATATATATATATATATATAAAACCATC
47465719	TTAAAATATATATATTTTTTATTAAAATATATATATATTTTAATAAAATATATATATATTTTAATAAAAAATATATATAT
47708679	ATATATATATGGCATATATATATATGGCATATATATATGGCATATATATATATGGCATATATATATGGCATATATATATATGGCATATATATATGGCATATATATATATGGCATATATATATGGCATATATATATATGGCATATATATATGGCATATATATATATGGCATATATATATGGCATATATATATGGCATATATATATGGCATATATATATGGCATATATATATGGC
48076311	AAAAGTGTATATATATATATACATATATATATATATATATATATATGTATATATATATATATATATATATGTAAA
48087610	AAAAAACAAAAAAACAAACAAAAAAATTTTTTTTTTTTTTTTTTTTTTTTTT
36221582	ATTATATATAAAATATATAATATATATTATATATATATTATATATACTATATATATTATATATAGTATATATAATA
36221714	TATATAGTATATATATTATATATATACTATATATTATAATATATAGTATATATATAATATATATTATATATA
36444640	TGTGTGTATATATATATATACATATATATATATATACATATATATATACATATATATATATATACATATATATATACATATATATATATGTGAA
36767712	TTTATATATACATATATATATGTATATATATATATATATATATGTATATATATATATATTTTT
37002930	ACACATACATACGCATATGTATGTATATATACACATACATACGCATATGTATGTAT
37329190	GACCATATATATATATATATATATATATATATATATATATATATATATATATATACACACACA
37464714	AAAAATTATATATATATATATATATATATATATATATATATATATATATATATATATATATATATTTTTTTTTT
38034948	AAATATATATATATATATATATATATATATATATATACACATACATATATATATACA
38035075	ACACACATATACATATATATATATATATATATATATATATATATATATATATATATATATATGGTTG
38260732	AAAAAAAAAAAAAATATATATATATATATATATATATATATATATATATATATATATATATATATTTATTTATTTATTTTAT
38406430	TGTGTGTGTATATATATATATATATATATATATATATATATATATATATATA
38494700	CTGAATATATATATATATAATATATATATATATATATTATATATATATATATAATG
38680769	AAAAAAAAATATATATATATATATATATATATATATATATATATATATATACATATATATATATATATAGACATGT
38701195	ATATTTAATATAATATATATAATATAATATATAATATAATATATATTATATTATATATTATATAATATAATAT
38701286	TAATATAATATAATATAAAATATAATATATAATATATTATATATTATAATATATAATATATTATATAATATAATATATAATATATTATATTATATATAATATATCA
38701484	TTATATATATAATATAATATATATAATAATATATATTATATAATATATATTATATTATATATATTATATAA
38701668	ATATATTTATATATTATATAAATATATATTTATATACTATATTTATATTT
39231779	TATATTACTTTATATATATATATATATATATATATATATATATATATATATATAAAATACTTAA
39801469	TGTATATGTACATGTATACACATGTACATATATACATATGTGTATATGTACATGTATACACATGTACATATATA
39958093	TTTTGAAATATATATATATATATATATATATATATATATATATATATATATATATATATATATATACATGTTGGA
40588932	ACAAATATATATATATATATATATATATAAATATATATATATATTTATATATATATATATATATATATATATATATATTTTTTTTT
40653857	ATATACATGTGTATATATGTAGACATATATGTATACATATAAATACATGTATAT
40864367	TGGTGTGTGTGTGTGTGTGTGTGTGTATATATATATATATACACACACACACACACACCAC
40926894	ATATATATATATATATATATATAAAATATATATATATATATAAAATATATATATATATATATTTTATATATATATATATATATAAAA
41061719	TTTCACTGTATATATATATATATATATATATATATATATATATACACACACACT
41638553	AAGATGTTTTATATATATATATATATATATATATATATATATATAATCTT
41748313	AGAAGATATATATATATCTATATCATATATATCTTATATAGATATCTATATATCTTATATAGATATCTATATATCTTATATAGATATCTATATATCTTATATAGATATCTATATA
41748516	ATATCGATATCTATATATCTTATATAGATATCGATATCTATATATCTTATATAGATATCGATATCTATATATCTTATATAGATATCTA
41748608	TCATATATATCATATATATCTTATATAGATATCTATATATCATATATATGATATATATAA
41870580	TGTATATATATACCCATATATATATATATATATATATATATATAGATATATATATATGGGTGTATATATATA
41870699	ATGGGTGTGTATATATATATATATATATATATATATATATATATATACCCATCACT
41880659	AAATATATATATATATATATATATATATATATATATATATATATATATATATTTTTTTTT
41890326	TGTAATATATATTATATATATTATATATATTATATAAATTATATATATTATATATTATATATAATATATATAATATATATTTTATATATATATTATATATTATATATATAATATATATAATATATATTTTA
42009032	TCATATATATATATATATATATAAATATATAAATATATATATAAATATATATAA
42395018	TATATGCACATATATATATATATATATATATATATATATATATATATAGAGA
42532370	TATATATTACATATATATATATATATATATATATATATATATATATATATAAAATTAA
42683170	AAAAAAAAATATATATATATATATATATATATATATATATATATATATATATATGTATATATACAAA
45410816	TGTGTATGTATGTATATATATATATATATATATATATATATATATATATATATAAAAA
47111305	ATATATATCTCATATATATATTATATATATATAAAATATATATATCATATATATGT
47264732	AGTTATATATAAACTTCATATACGTATATAAAGTTATAACTTTATATACGTATATGAAGTTTATATACGTAT
47723611	ACACACACAAAATATATATATATATATATATATATATATATATATATATTTTTTTTTTTT
48004558	ACTATATATATATATATATATATATATATATATATATATATATTTTTTTT