Column 1	Column 3
99277	AAAAAGTGTATATATATATATATATATATATATATATATATATATATATATTTT
134186	ATAGAATATATATATATATATATATATATATATATATATATATATATATATGTGAT
135789	AAAAAAAAATATATATATATATATATATATATATATATATATATATATATATATGTATGT
1307440	TTTATATATATATGTATATACGTATATACATTTATATATATACGTATATACGTATATACATTTATATATATACGTATATACGTATATACATGTATATACGTATATACGTATATACATGTATATACGTATATACGTATATACATGTATATACGTACGTATATACATGTATATACGTATATACGTATATACATGTATATACGTATATATGTTTATATATGTATATA
1759369	AAAATTTATATATATGTATATATACACACATATATGTGTATATATATATATATATATATATTTT
1903318	TGTGTGTGTATATATATATATATATATATATATATATATATATATATATATATGTGAGT
2225867	ATAATAATAGATTATATTATATATACTATAGTATATATAATATAATAAATTATATT
2225989	TAATAAATTATATATTATATATACTATAGTATATATAATGTATCATATATAATAAATTATATTATATATAATATAATAAATTATATATAATATATTATATTTTATATTATATATAATATATTATATATTATATTTTATATTATATAATA
2226140	TTATATATTATATATTATATATGATATCATATATTATATATTATATTTTA
2226192	TATGATATATTATATATTATATCATATATGATATAATATATTATATAATATA
2226309	TTTCATATATTATATATTATATTTTATATATGATATAATATATTATATATGATA
2226528	TAATATATTATATAAACTATTATATTATATAATATAATATATAATATAATATATCA
2246209	TATATATATATATATATAGGATATATATATATATATATAGGATATATATATATATAAA
2847327	AAACATATATATATATATATATATATATATATATATATATATATATATATATATATATACATGCACA
3224031	TCTCTCCATATATATATATATATATATATATATATATATATATATATATATATATACCAA
3233688	GGAGATATATATATATATATATATATATATATATATATATATACAGTTTC
3577863	CTCTCTCTCTCTCTCTCTCTCTCTCTCTCTCTATATATATATATATATATATATATATATATATAGAGAGAGAGAGAGAGAGAGAGAGATGGGG
3674263	TTTCTGCTTCATATATATATATATATATATATATATATATATATATGAAGCAAATA
3856616	ATTTATAAATATATATTTATAAATATATTTACAAATATATATTTATATAT
3941685	TATATAAATGTATATATTTACCTGTATACATATAAATATGTACATTTATACA
3971317	TTGGCATATATATGTGTGTGTGTGTATATATATATATATACACACACACATATATATATACACA
3971382	ACATATATATACATATATATGTACATATATACATATATATGTACATATATACATATATATGTACATATATATACA
4015274	ATGCATATATACATATCTCAGATATATATATCTGAGATATATATATATATCTGAGATATATATATATATCTGAGATATATATACATACCTGA
4095423	TTTGTATACATATGTGTATACATATATATGTATACATATATTTGTATACATATGTGTATACATA
4190561	ACATATTTATATATAAATATATTTATATATATTTATACATATTTATATATAAATATATTTATATATATTTATACATATTTATATATAAATATAT
4191136	TTTATATATACATTTATATATATTTATATATATTTATATATAAATTTATATATATA
4811424	TGTGTATGTGTATATATATATATATATATATATATATATATATATATATATATATATATATATAAA
4931875	ATATATATATATGCAGTGTATATATATATATGTACTGTATATATATATCT
5076827	ACATATATGTGTACATATATATATATATATATATATATATATATATATATATATATATATATATGATGG
5215973	TGTGTATGTGTATATATATATATATATATATATATATATATATATATATATATAT
5873461	ACATATATGTGTATATATATATATATATATATATATATATATATATTTTT
6027404	TTTATGTGTGTGTGTGTACATATATATATATATATATATATATATATATATATGTACACACACACACACACA
6117763	TGCATGCATATATATATATATATATATATATATATATATATATATATATATA
6145905	TAAATATTTATTTAAATAAATTAATATTTATTTAAATAAATAAATATTTA
6515804	AAAAAATATATATATATATATATATATATATATATATATATATATAAAATCTAT
6694268	AAAAAAATATATATATATATATATATATATATATATATATGTACATTTAT
6890003	TTCCATATATATATATATATATATATATATATATATATATATATATATGGAAG
6988564	AAAAAGAAACACACACACACACACACACACGTGTGTGTGTGTGTGTGTGTGTGTGTGTGT
7260654	ATATATATATATGTATATATATATATGTGTATATATATATATGTATATATATATGTGTATATATACATATATATATACATATATATATATACATATATATATATACACATATATATATAT
7499758	TGGATATATATATATATATATATATATATATATATATGTATATATATGTGTATATATATGT
7804031	TTTATATATATGTGTGTGTGTATATATATACACACACACACACATGTATA
8015744	TATATGTATATATGTGTGTATGTATATATATACACATACACACATATATATACACA
8528001	ATGTGTGTGTATATATATATATATATATATATATATATATAAACACAATT
8568398	TAATATATTATATATTATAATATATAATATATTATAATATATAATATATAATATATAA
8568601	ATATATAAATATATAATATATATTAAATATATATAATATATAATATGTATTTATATAT
8970953	TGAAGGGATGTTAAATTTAATAAAATTTTATAAAATTTAATACCCCTTTA
9162658	TATATGTGTGTGTGTGTGTATATATATATATATATATATACACACACACACACAAAC
9305806	TGTGTGTGTGTGCGTATATATATATATATATATTTACACGCACACACACACA
9626456	AATTGTGACTATATATATATATATATATATATATATATATATATATACACACATATAAT
10084519	ACATATATACATATATGTATACATATATATACATACATATATGTATACATAT
10345160	ATATATAACATATAACATATATAATATATTATATATAATATATGGTATATAT
10346507	ATAATATATATATTATGTATAATATATATAATATGTATAATATATATATTATGTATAATATATATATTATGCATAATATATATTATGT
10435738	ATAACTATATAACTATATATATATATATATATATATATATATATATATATATATATATATATATATATATATTTTTTTTT
11129075	TAATATATAATATATAAATATATATAATATATAATATATAAATATATATTATATATAA
11129144	AAATATATATTATATATAAATAAAATATATATTTTATATATAAATAAAATATATATATTATATATAAATAAAATATATATAT
11129264	ATACATATATTATATATTATATATTTTATATATAATATATAATATATATTATATATTT
11623910	TGTGTGTATGTATATATATATATATATATATATATATATATATATATATATATATGCACCAA
11641853	ATACGTGTGTATGTACATACATATACGTATATGTATGTACATACATACACGT
11847235	GATTTTATATATATATATATATATATATATATATATATATATATATATATATGCACAC
11970134	ATATATATATGTATACATGTGTGTATATATACACATATGTGTACACATATATGT
12070119	CTGCTATATATATATATATATATATATATATATATATATATATATATATATATATGTTTAAAA
12291220	TAATTACATACATATATATATATATATATATATATATATATATATATATATATAAAATAA
12426802	TATATATAGTATATATACACACTATATATATAGTGTATATATACACACTATATATATAGTGTATATATACACTATATATATAGTGTATATATACACTATATATATATATAGTGTATATATACACTATATATATAGTGTATATATACACTATATATATAGTGA
12435652	ATATATATATATATATATATATATATATATATATATATACACACATATATATGT
12546841	ACTCAGATATATATATATATATATATATATATATATATATATATATATATATATATATATATAATA
13309758	AAATGTCTATATACGTGTATATACACGTGTATATACACGTGTATATACGTGTGTATATACATGTGTATATACACGTGTATATACATACGTGTATATA
13310163	TGTATGTATATGTGTATATATATATATATATATATATATATATATATATATATATATATATATAAAGA
13564174	TATATATGTGTGTGTATATATATATATATATATATATATATACACACATACATACACA
13976786	TGTGTGTGTGTGTATATATATATATATATATATACACACACACACATACA
14022653	ACATATATACACATACATATATACATATACATATATGTATATGTATGTATGTATGTGTGCATATAT
14511778	TCTCTCTCTATATATATATATATATATATATATATATATATATATATATATATATATATATTTTGAGACTG
14793171	ATATATAAATATATAAAAATATATATATAAATATTTATTTATTTATATAT
14805537	ACATATATATGTGTGTGTGTATATATATATGTACACACACATATATGTTT
15119340	GCTTAAACATATATATATATATATATATATATATATATATATATATATATACACACATACA
15123287	ATATATATATATATGTGTGTACATATATATGTGCATATATATATATATATAT
15164457	TATAAGATTATATATATATATATATATATATATATATATATATATATATATCTTTAAA
15170956	TTTTAAAAAATTATATATATATATATATATATATATATATATATATATATATAATTTATAAAGA
15320642	TATATATATATATATATATATATATATATATATATATATATATATACACACACA
15541546	TGTGTGTATATATATATATATATATATATATATATATATATATAAAGGTA
15943008	TGTCTTCATATATATATATATATATATATATATATATATATATATATATATATATATATTTTTTAG
16453661	TAAAAATTATATATATATATATATATATATATATATATATATATATATATGAAGAA
16982918	TATATATATATAATATATATATATATAATATATATATATAATATATATATATAATATATATATATAATATATATATATAATATATATATATAATATATATATATAATATATATATATAATTAA
17011380	AGATATATATATATATATATATATATATATATATATATATATTTTTTTTT
17696022	TGTGTGTGTATATATATATATATATATATATATATATATATATATATATATATATATATAATTTTCT
17812437	TATATATATAAATATATATATAAATATATATATATAAATATATATATATAAATATATATATATATATAAA
17866606	GACTACATATATATATATATATATATATATATATATATATATATAATTAAGTAGCC
17900611	TTTATGTATATATATATACATATATATATGTGTACATATATATGCATATA
17903249	TGATGTAAATTACATCAGAGTACGCTGATGTAAATTACATCAGCGTACGCTGATGTAAATTACATCAGCGTACTCTGATGTAAATTACATCA
17965803	AAAATTACATATATATATATATATATATATATATATATATATATATATATATATATTCATATCCA
18281913	ATATATGTATGTGTGCATATATATGCATACATATACACACATACATATAT
18387774	AGTTCAATATATATATATATATATATATATATATATATATATATATATATTTTTTTTT
18447924	ATTATATATTTAATATATTTAATAATATATATTATATAATATATAAAATATATATT
18560582	GCAAATACACATATATATATATATATATATATATATATATATATATATATATATATATACGCACA
18645577	AAATATATATATATATATTATATATATATATATATATATATATACATATATATATATTATATATATATATATTTTT
18758987	ACAGTTTTATATATATATATATATATATATATATATATATATATATATATATATATATCATAC
18976501	ACATATATACATATATACATATATATATACGTATATACATATATATATACGTATATATATATA
19043249	ACTGAATATATATTTACAGAAATATATATTTATAGAAATATATATTCAAT
19137358	TATATATTTATAAATTGTATAATATATAATATACAATTTAGATATATACA
19382754	TGTGTATATATATATATATATATATATATATATATATATATATCTCCTGA
19447226	GCAAGTATATATATATATATATATATATATATATATATATATATACACACAC
19741342	TGTACATATATGTATGTATATATGTATACATATATACATATATACGTGTATATATACATACATATATGTACATATATACATGTGTATATACATG
19785780	AAAAAAAAATATATATATATATATATATATATATATATATATATATATATATATGCATGCA
19960715	ACACGTGTATATATATACACGTGTATATGTATACATATACACGTGTATATATATATACACAT
19960843	ACGTATACACGTGTATATATATGTATATATGTATATATACACGTGTATATAT
19994804	TTCCAGTATATATATATATATATATATATATATATATATATATAGAGAGA
20072796	ATAATTTTTAGAATATTTTTAGAATATTCTAAAAATATTCAAAATATTTT
20172293	TGTGTGTATATATATATATATATATATATATATATATATGTATATATATATATATGTATATATATATATATATCT
20501635	TATATATATTATATACATATTATATATATAATATATATATATAATATATATATATTATATATATATATTATATATATA
20508424	ACTATGATTATATATATATATATATATATATATATATATATATATATATATGTATATTTATTT
20573906	TTAAAAGAAATATATATATATATATATATATATATATATATATATATGTATTTATATATAAA
20793504	TCTCTATATATATATATATATATATATATATATATATATACCTATATATA
21088055	ATATTTAATGTCATTATATTAAATATATATAATTTAATGACATTATATTT
21141241	ATATGTATATATGTATACGTACGTACGTATGTACGTATACATATATATACGTATATATACGTATATACTTATATGTATGTATATATACG
21142124	ATATTATAATATATAATATTATATATTATAATATATAATATTATAATATATAATATTATATATTATAATATATATTATATATTATAATATATAATATATATTATAATACATATTATAATATATAA
21175188	ATATAGCGAGACTCTTGCCTCAAATATATATATATTTGAGGCAAGAGTCTCGCTCTGT
21339285	GCTGCTATATATATATATATATATATATATATATATATATATATATACTCATATATATATGT
21710450	TATATAAATACATATATTAATATATGTATATAAATATATAAATACATATATTAATATATGTATTTATATATATAAATACATATATTAATATATATATTTATAAATATATGAATATATATTTATATAGTTATAAATATATATA
21711540	TCAATATATAAATATATATATTTATATATATAAATATATATATAAATATATATATAAACATATATGTTTATAAATATATAAATATATAAA
21772736	TATCATCATATACTATATCATATTGAATCTATTCCTATAGTAATTGATTCAATATGATATAGTATATGATGTCA
21833109	ATTATATATAATATATGATATAATATATAATATATAATATATAATATATATTATATGTTATATAACATATAATATATATTATATTATAAATAT
21833305	TATATATATTATAATATATATTATATGTTATATAACATATAATATATATTATATATTATATAACATATAATATATATTATATGTTATATAACATATAATATATATTATATGTTATATGTTATATAATATATATTATATATTATATAACATATAATATATATTATATATTATATA
21964820	TAATGCATAAACAAGATGTATTTTTAAAAATACATTATATTTATGCATTA
22117535	ATATATAAATTATATATATATAATATATATATTATATATATAATATATATATTATATATATATTATATATATATAATATATATATAATATATATATAATATATATATATA
22153953	TATATGTGTGTGTGTATATATATATATGTATATATATATATATAAATATATATATATATACACACACATACA
22154553	ACATATATATGTACACATATATATGTACACATATATATGTACACATATATATGTACACATATATATGTACACATATATAT
22283315	TATATATATAGATATATATATATATATATATATATATATATATATACACACA
22435520	ATATATATGTGTGTATATATACGTATATATGTATATATACACACAAATGTGT
22485003	TATCCAAAGACTCTTGAAGAATGAGTATATAATTACATAGTCATTCTTCAAGGGTCTTTGGATA
22529242	TGCATATATATACACATATATATACACATGTGTATATATATATATATATATATATA
22532452	AAATAGGATATATATATATATATATATATATATATGTATGTATCCTATTT
22698779	CCCCAGATATATATATATATATATATATATATATATATATATATATATATATATATATATATATAGTGTG
22732549	TATGTGAATGTGTGTGTATATATATATATATACACACACACACACACACA
22801740	TTATCATATATATATATATATATATATATATATATATATATATATATATATATACACTTT
22960161	TGTATGTGTGTATATATATATATATATATATATATATATATATACCAACAAAAA
23229265	ATATATATGAGTATATATATTTTATATATATTTTATATACTCATATATAT
23341859	CTCTAAGAATAAATGGGTGATTCTTCTTTATATTTAATATTAAATATAAAGAAGAATCACCCATTTATTCTTAGAG
23574055	ATATTTTATATATATATATATATATATATATATATATATATATATATATAAAATATAT
23633269	CATACTATATATATACACATAGTATGTGTATATATATACACATACTATGTGTATATATATACATAG
23677406	AAATCTGAATATATATATATATATATATATATATATATATATATATATATATACATACACACA
23715722	AATTTATATATATATAATATATATATATATATATTATATATATATTCTGT
23994560	TATGTGTGTGCGTGCATATATATATATATATATATATATACACACACACACACA
23998248	ATATACATATATACATATATACATATATATATATATATATATATATATGCATTTCT
24074601	TGTATATGTGTGTATATATACATATATACACATATATATACATATATATGTATATATGTGTGTATATATACATATATACACACATATATACATATATATGTATATATGTGTGTATATATATAATAA
24114277	AAGTTTATATATATATATATATATATATATATATATATATATATTATACT
24175222	GAACAAATATATATATATATATATATATATATATATATATATATATACAC
24303161	TACATTATATATATATATATATATATATATATATATATATATTTAACATA
24366736	TGTGTGTGTGTGTGTATATATATATATATATATATATATATACACACATGCATATA
24384534	TGCATTTATATATATATATATATATATACGTATATATATATATATGTATATATATATATACGTATATATATATACACACACATATACA
24449858	TGGTATATATATATATATATATATATATATATATATATATATATATATATATATATATATAATGTT
24625659	ATATATATATATTCATATATATACATATATTCATATATATGAATATATATGTGT
24758321	ACTCATATATATATATATATATATTTTATATATATATATATATATATATAATATATATATATATATATATATATATATATATATATATATATATATATTCCTTT
24863350	TCTAAAATATATATATATATATATATATATATATATATATATATATATATATATGACA
24904484	TCTCTCTCTATATATATATATATATATATATATATATATATATATGTATAGAAA
25057966	ACATATGTGTGTGTGTGTATATATATATATATATATATATATACACACACAAAAATTTGT
25278237	TTAATATAATGTATATGTATATACGTATACACATATATGTGTATACGTATATACATATACATTATTCTTA
25294486	ATATATATATATTTATACTTATATATAATATATATTATATATATAAATAAATATATATATGT
25459989	TATATTTAATATATTAAATATAGATTATATTTAATATATTAAATATAGATTATATTTAATATATTAAATATAGATTATATTTAATATATTAAATATA
25460102	TTATAATATATTATATATATTATATAATATATAATATAATATATATAATATAATAATA
25484343	ATGTATGTATATACTATATACGTATATATACTTATATACTATATACATATGT
25834323	GTTTTATATATATATATATATATATATATATATATATATATATATATATATATATATATACTCAGC
25834845	ATATATATATATATATATATATATATATATATATATATATATTTTTTTTT
25871717	ACAAACAAATAAATAAATAAATATATATATATTTATTTATTTATATTTATAT
25999549	TATAATATATATATATATATATATATATATATATATATATATATATATATATATATATATATATATATATATATATATATATATAAAGTGT
26094565	TATATATAGCATATATACTGAATATATATTCAGTATATATACTGAATACA
26201446	ATATATGTGTGTATAAATATATTATATAATATATATACACACATATATAT
26333112	TGTGTGTATATATATATATATACATATATATATATATATATATATATATATA
26384731	TATTATTATAATAATATAATTATAATAATAATTATAATTATAATTATATTATTATAATATAATAATTATTATATTATATTAATATAATATTATTATAATTATAATATATTAATATAATTATAATTATATTAATATAATTATAATAATAATTATAT
26497387	AAAAAAAAATATATATATATATATATATATATATATATATATATATATATATATATATTTGGAT
26565084	AGCACATATATATATATATATATATATATATATATATATATATATAAAAT
26624141	ATTGTTATATATATATATATATATATATATATATATATATATATATATATATATATATATAAAACATA
26700137	GGTGATATACATATATATATATATATATATATATATATATATATATATATATATATATACATATATATATATATATATATATATATACATATATATATATATATATATATATATACATATATATATA
26793690	TATAAAGTATATACTATATATAGTATATACTATATATAGTATATATAGTATATACTATATATAGTATATATAGTATATACTATATATAGTATATATAGTATACACTATATATTGT
26864301	ATATATATGATATATATCATATATATGACGTCATATATATGATCTATATCATATATAT
26869134	AAGATATATAGAATATATTATATATAAGATATATAGAATATATTCTATATATCTTATATATAATATATTATATATTTTAT
26883147	TCTTATATATATATATATATATATATATATATATATATATATATATATATATATATAAAACTG
27271914	AAAAAAAAATATATATATATATATATATATATATATATATATATATATATATATATAAAATCTCT
27310657	TACACCATATATATATATATATATATATATATATATATATATATATATATATAGCATTT
27427099	TCTATCTATATAATGTAGATACATTATATCGATATAATGTAGATACATTATATCGATATAATGTAGATACATTATATCGATATAATGTAGATACATTATATCGATATAATGTAGATACATTATATCGATATAATGTAGATACATTATATCGATATAATGTATCTATCT
27432070	ATTATATATATATATATATATATATATATATATATATATATATATATATTGTCT
27520309	AACTAAGAGGATATATATATATATATATATATATATATATATATATATATATATATATATATATCTCCTCTTATAT
27574656	AAGAACGTGACATACATATATATATATATATATATATATATATATATATATGTCGCATTCTT
27636517	TGTGTGTATATATATATATATATATATATATATATATATATATTTAGAGAGA
27790796	ATACTATATATGTATATATAGTATATATACTATATATGTATATATATTGT
28021599	TGTGATATATATATATATATATATATATATATATATATATATATGGATCATA
28107822	TTTATATATATATATATATATATATATATATATATATATATATATATATATA
28358279	TAAATATTATATAATTATATTATATAATTATATAATTATATAATATAATAATATAATAATTA
28501449	AGGATACATATATATATATATATATATATATATATATATATATATATATATATATATATATATATATTTATATATAGAGAGA
28618590	AAATATATATTATATATTATATATATTATATATTATATATTATATATATTATATATCT
28618661	TATAATATATCTTATATATTATATATATAATATATATTTTATATATAATATATAAAATATATAAGA
28619088	ATATATAATATATATTATATAATACATATATATGTAATATATATAATATATTATATTT
28619207	TGATATATTATATAATACATTATATGATATATTATATAATACATTATATAATATATTATATAATACATTATATAATATATCATATAATACATTATATAATATATCATATAATGTATTATATAATATATTATATAATGTATTATATAATATATTCTATAATATATTATATATTATAT
28619583	ATTATATAATACATAATATATAATATATTATATATAATATATATTATATAATATATATTATATATTATATATTATATAATACATAATATATATATT
28753237	TATATATATATACTATATATATTATATATATAGTATATATATAGTGTATATATATACTATATATATTATATATATAGTATATATATAGTGTATATATATA
28797192	TATCTATAGATCTATATATATCTATATATATCTATATAGATATATAGACATATAGATATA
29235762	AAAAAAATATATATATATATATATATATAAATATATATATATATATATATATAAATATATATATATATATAAAAATATATATATATATATATAT
29268699	ATAAGGCATATATATATATATATATATATATATATATATATATATATATGCCATATATATATGCCATATATATATGCCTTATATATATATGCCATATATATATGCCATATATATATGCCTTATATATATATGCCATATATATATGCCATATATATATGCC
29297886	TCAAATTATATATATATATATATATATATATATATATATATATATATACACATATATATGAA
29496776	TAGCATATATATGTATGTGTATATATATATATATATATACATATATATGATA
29602467	TATCTATCTATATATATCTACATATATATCTAGATATATACAGAGAGATA
29616230	TCATATATATATATATATATATATATATATATATATATATATATAGACAGGA
29675951	TTGAGAATATATATATATATATATATATATATATATATATGTATATACTATA
29832457	TATATGTGTGTATGTGTGTGTATATATATATATACACACACACACACATACACACACA
29981296	ACACACACATATATATACACACACATATATGTGTGTATAAATATATGTGTATGT
30169919	TCTGGCATATATATATATATATATATATATATATATATATATATATATATATATAAAATA
30474559	AATCACAAATAGAGCATTTAAATTTTTAAACTTTTAAATGCTCTATTTGTGACT
30583878	TATATATCTATGTGTGTGTGTATATATATATATACACACACACATATATGCACA
30670742	TATATATTATATATAATATAATATATATATAATATATTATATATAATATAAAATATATATAATATATTATATATAATATAAAATATATATAATATATTATATATAATATAAAATATATATAATATATTATATATAATATAAAATATATATAATATATTATATATAATATAAAATATATATATTATAT
31570463	ACATAATTTTATATATATATATATATATATATATATATATATATATATATATACACACACA
31840496	TTTCATTATATATATATATATATATATATATATATATATATATATATATATATATATATTTGTTTATAGT
31850115	ACACACACGTATATACTCATATATACACGTATATATATATACGTGTATATATAAGTATATATATGTGTAT
32176756	TTCCTCCCCAGCTGCCCTCCACCCCCAGCCATCATGATGGGTGGGGGTGGAGGGCAGCTGGGGAAGAA
32228618	AAAAATATATATCATATATATGATATATATATCATATATATGTGATATATATATATCATATATATATCATATATATGTGATATATATATATATATCATATATATGATATATATATATCACATATATATCATATATATAT
32317801	TGATATATATATATATATATATATATATATATATATATACGTGTATATATATAA
32728937	TGTGTGTATATATATATATATATATATATATATATATATATATATGTAAA
32856007	ACATAATATATTATATAACATATAATATATTATATAACATATAATATATTATATAACATATAATATATTATATAACATATAATATATTATATAACA
32856129	TAATATAATATATTATATAACATATAATATATTATATAACATATAATATATTATATAACA
33029571	TGTGGTATATATATATATATATATATATATATATATATATATATATATATATATATATATGCCA
33273194	TTATATATATAACATAAATATAATATATATATTATATTTATATTATATATTATA
33329809	GACTGTGTGTATGTGTATATATATATATATATATATATACACACACACATTCATATATATATAATATATATATAATATATATATAATATATATAATATATATATTATATATATAATATATATATATAATATATAATATATATATAATATATAATATATATATATAT
33377834	TTCACTTTACCAACATATAGCGAGTATGTGAACAGTGTCAGTATACTTGCACTGTTCACATACTCACTATATGTTGGTAAAGTGAA
33387656	TACATGTGTGTATATATATATATATATATATATATATATATATATATATATATATATATACACTCAATAA
33521494	TAATAAAATATATATATATATATATATATATATATATATATATATATATATATATATATATTTGTAGAGA
34520601	CTGTCATATATATATATATATATATATATATATATATATATATATATATGTGTGTGT
34665229	GTATGTGTATATATATACACATATATATGTGTGTGTATATATATATATACACACATATATATATGTATATATATACACACAC
34993726	TTAATTAGTATTACTAATTTATTAAATTTATTTAATTAGTATTACTAATTTATTAAATTTATTAAATTAGTATTACTAATTTA
35334311	TTTATCTATATATGTGTATGTATATGTGTGTGTATATATGTACATATATATGTACATATATACACACACATATACATACACATATATGTATATA
35661345	TTGGTATATATTATATATATATATATATATATATATATATATATATATATATATATTATACACACA
35751089	TATATATATGTATATATATATATACGTATATATATACGTATATATATACACATATGTATATATATATACGTATATATATGTAT
35830356	TATATATATATATATATATATATATATATATATATATATATACACACACA
37245394	AAAACTATATATATATATATATATATATATATATATATATATATATATATATATATATACACACACT
37558000	TTATACTCTTTTGAAAACTCTTCAAAAGAGTACTCTTTTGAATACTCTTCAAAAGAGTATTA
37708042	AAAAAAAAATATATATATATATATATATATATATATATATATATATATATATAGTTGATT
38553715	CATTTAAACTATATATATATATATATATATATATATATATATATATATATATATATATATTATATGT
38706137	ACTTAAAGTATATATATATATATATATATATATATATATATATATATATATATATATATATATTTAAAGTATATATATATATAATTAAAGTATATATATAATTAAAGTATATATATATAAA
38990804	AGATATGATATATATGATATATATCATATATATGATATATATGAGATATATGATATATATGAGA
39148251	ATTTTTTATATATATATATATATATATATATATATATATATATATATATATATATATATTTGTAGA
39247166	CGTGTTCATATATATATATATATATATATATATATATATATATATATATATGACTATATA
39444943	TATACATATATATATGTATATATACACGTATATATATACGTATATATATACACACATATATGTACA
39445069	TATATACACATACATGTGTATACATGCATATATACACATACATGTGTATACATGCATGTATACACATGTATGTGTATATATGCATATACACATGT
39478588	AGAGATATATATCTATATATATATATATATAGATATATATAGATATATATATAT
39488696	ATATAATATAATATATAATATGTTATATGTTATATAACATATAACATATAATATAATATATTATAT
39488931	ATTATATTATAGATTATATACTATAGTATATATTATATTATCGATAATATAATATATACTATAGTATATATTATATAATTTATTATATAATATATTATATAATTTATTATATAATATATTATATAATTTATTATATAATATATTATATAATTA
39754420	TTAAAGTATATATATATATATATATATATATATATATATATATATATATATATATATAGAGAGAGA
39830088	TTCATATACACACACATATATATATACGTATATATATATGTGTGTATATATGTA
39858836	TGTCTATATATATATATATATGTCTATATATATATATATATATATATATATATAGCT
39963820	AAACGAGATATATATATATATATATATATATATATATATATATATATATATATATATATATATATATATATATAACTTCTGT
39976303	ATTATATATTATATAATAATGTAATATATTATATTATTATATTATATACATT
39976437	TAATATATACTTTATATATATTATATATAATATATATAAAATATATTATA
40168132	TATATATAATATATATATTTATAATATATATTATATATATTTATAATATATATAATATATATATTTATAATATATATAATATATATATTTATAATATATATTATATATATATTTATAATATATATTATATATATATTTATAAAATA
40438295	TGTGTGTGTGTGTGTGTATATATATATATATATATATATACACACACATAC
40506482	TGTGATACATATATATATATATATATATATATATATATATATATATATATATATATATATATGAGGTA
40517456	TAAAATATATATGTGTATATATATATATATATATACACACACATATATATATAA
40621522	TATATGTGTGTGTATATATATATATATATATATATATATATATATATATATATATATATATACACACACATA
40651810	TTTTATATATATATTATATATATATTTTATATATATAATATATATATATTTTATATATATAATATATATATTTTATATATATTATATATATATTATATATATATATATATAATATATATATAATATATATATAATATATATATATAA
40943778	ATACATATATGTGTGTGTGTGTATATATATATACACACAGACATATATATAT
40945965	AAAAAAAAATACATATATATATATATATATATATATATATATATATGTATATTTAGTTAT
41665171	AGAGAAAGATATATATATATATATATATATATATATATATATATATATATATATATATATGGAAGT
41999575	TATACACATATATATATATACATATATATATGTGTATATATATATATATACATATATATATACATATATATGTATATATATATATATATGTATATATATATA
42006147	TATGCACCTCAAAAATATATTGACATATGTTGACATATTTTTGAGGTGCACA
42263806	TATATGTATATACATATAGATATACATATATGTATATCTATACATATCTACATACA
43032005	TAATATATAAATATATAATATATATTATAATATATATTATAATATATATTACATATAAATATATAA
43032076	AAATATATAATATATTTATATATAATATATAAATATATAATATATATATAATATATTTATATATTATATATAAATATATAATATATATTATAATATATAATATAATATATAATAATATATAATATAATATATATTATAATATATAATATAATATATATTATATAAATATATAATATATATTATATAATATATAATATATAAATATATAATATATAAT
43032335	TATTATATATAATATATTAATATATTATATATATAATATATAAATATATTATATATATAATATATAAATATATTATATATATAATATATAA
43043770	AAATATAAATATATATTTTTATATATTATATAAAATATATAAATATATATTTATTTATATATTATATATAATATATATATTATATAATATATATATTATATAATATATATATAATATATAATATATATATTATATATAAAATATATTATATATAATATATATAATATATTATATATTATATATTATATATAATATATATAATATATTATATATAATATATAATATATAATATATTATATATAATATATAAAATATATAAAA
43044064	AATATATAATATATAAGATATATAATATATTATATATAATATATTATATATAATATATTTTATATAGTATATAAAATATAAAATATATATTATATATAAAATATATATTATATATAAAATATATATTATATATAAAATATATATTATATATGAAA
43698961	ACACATATATATGTAGACTATATATATATATACACTACATATATATATAT
44021796	TCAAGCTGATGTGTGTGTGTGTATATATATATATATATACACACACACATCTGCCTTA
44349517	TTTTCTTTATATATATATATATATATATATATATATATATATATATATATATATCAGAATA
44685850	TATATATGTGTGTGTGTGTATATATATATATATATATATATACACACACACACACACACA
44735440	AAATATATTTAAATATTTTATATTTATAAATATAAATTATTTATATTTATAT
44929203	TGTGTATATATATTATATATATATATATAATATATATATTATATATATATATAATATATATATATATA
45080957	TATATATATATATATATATATGTATATATATATATATATATATACACACA
45102173	ATATGTGTGTGTGTATATATATATATATATATATATATATATACACATTT
45220972	ATAGATATATATATATATATATATATATATATATATATATATATATATACATATATATTTTTTT
45372204	TATATAATATAATTATATATTATATATATAATATAATAATATATTATATA
45374108	ACATAATATATATTATATATATTATATACATAATATATATTATATATATTATATATATAATATATATAATATCTATTACATATAT
45375199	ATATTTTATAATATATAATATATTATATATAATATATTTTATAATATATAATGT
45375334	TATATAATATATTATACATAATATAATATTTTATAATATATAATATATTATACA
45376039	TTTATCACATATATTATATATGATAAAATATTTTATCACATATATTATATATGATATA
45376232	AAATATAATATATTATATATAATATAATATTTTATAATATATAATATATTACATAT
45540015	TGTGAGATATATATATATATATATATATATATATATATATATATATAAAA
45731076	TATTATATATATATATATATATATATATATATATATATGCTTATATAAAA
45807313	TGTGTGTGTATATATATATATATATATATATATATATATATATATATATATATTTTTTTTT
45900147	TTTATATATATATACATATATATATACATATATATATATATATATATATATATATATATATATATCCAT
46103488	TATACATATGTTTATATATGTATATATATAAACATATATATACATATATACA
49941017	TATATTTATATATAATTATATATAATTATATATTTATATATAATTATATATAATTATATATTTATATATAATTATATATAATTATATATTTATATATAATTATATATAATTATATATTTATATATAATTATATATAATTATATATTTATATATAATTATATATAAATATATAATTATATATAAATATATAATTATATATAATTATATATAATTATATATAAATATATAATTATATATAATTATATATAAATATA
49941498	TTTATATATATATAAATTTATATATATATATATAATTATATATTTATATA
49941627	ATATATAATTATATATTTATATATAATTATATAATTATATAATTATATATAATTATATATTTATATATGTACA
49941799	ATTTTTATATAATTATATAATTATATATAATTGTATATTTATATATAATTGTATAATTATATATAATT
49941871	ATTTATATATAATTGTATAATTATATATAATTGTATATTTATATATAATT
50005747	GAAAGAGTGTATATATATATATATATATATATATATATATATACACATACATATATACACAC
50250521	CAACCCAGAATTAATTAATTAATTAATTAATTAATTAATTAATTTTGAGATG
50267799	TTTTTGTGTATATATATATATATATATATATATATATATATATATACACACACACACA
50716293	TTATTTTATATATATATATATATATATATATATATATATATATATATCTATATATATATATATCTATATATACACA
50798529	TATACATATATATATATATATATATATATATATATATATATATATATATGTATGTATGTATATATTT
51070339	ACAAAGTATATATACAATGTGTATATATATATACACAAAGTATATATACTATAT
51123028	ATTTATAAATATATATAAATGTATATATATAAATTTATATATATATATATAT
51324893	TATATATATATATATATAAATAAATATATATATATATATATATATATAAAAA
51347468	ACATATATGGAATATATATATAATATATATATAATATATATATTATATATATAT
51468305	ATTTTATTTATATATATATATATATATATATATATATATATATATATATATATGCTT
51487847	TGTGTGTGTATATATATATATATATATATATATATATATATATATATATAAA
51521245	TGCATGTATACATATATACATGTATGCATGCATGTATACATATATACATGTATGC
51521321	TGTGTGCATGCATGCATACATATATACATATGTATGCATGCATACATATGTACATATGTATGCATGCATACATATACATGCA
51669423	TGTGTGTGTATATATATATATATATATATATATATATATATATATATATAGTGA
51841754	TATATATGTATGTGTATATATATATATATATATATACACACACACACACA
52207652	TATATATACTATATATGGTGTATCTATATACACACACTATATATAGTATATAGA
52473537	AGGTATATGTATATATATATACACATATATATGTGTGTATATATATATATATATATAT
52530684	CCAAATTCATATATATATATATATATATATATATATATATATATATATAGAGAGA
52819200	ATGTATATATAATATATTAATATATAATTATATATTAATATAATATATGTATAT
53028352	ACCCAGATATGTGTGTGTGTGTATATATATACACACACACACATATATACAT
53040523	ACATCTATATATATATACATCTATATATACATCTATATATATATACATCTATATATATCTATATATATATATAGATAT
53715160	ATATATATAATATATATAATATACAATATATATAATATATAATATATATTATATATAT
53809428	TATATATAATATATATTTATATATAATATATAAATTTATATATTATATATTTATATATAATATATAAA
53810121	AATTTTTATATATTATATATAAAATATATATAATATATAATATATAAATAAT
54094585	TGTATATTATATATATATATATATATATATATATATATATATATATATATATGATAAA
54268150	ATATATCATCATATATATCATGGTATATATCATCATATATATCATGATATGT
54505762	GGGGGAGAATATATATATATATATATATATATATATATATATATATATGCACTCAC
54863946	AGATATATATAATATATATCATATATATGTTATATATATGATATATATATAATATATATATCATATATATAACATATATATGATATATATATAA
55192809	AATTAAAAAAAAAAAAAAAATATATATATATATATTTTTTTTTTTTTTGGTTGA
55303206	TTATATACTATATATTATATATCATATATACTATATATAATATATAATATATGA
55303334	ATAATATACGATATATAATATATAATATATGATATCATATATTATATATTATATATATTATATATTATATATTATATTTTATATATGATATATGATATATCATATATCATATATAATATATATGATATATCATATATCATATATAATATATATATTTTATATATTATATATGATATAATA
55303630	ATATAATAATTATATTATATAGTATATATTATATATAATATATACTATATAATATAATTATATAATTATATAATTAAATTATATAATTAA
55326997	GTATATATATATATATATATATATATATATATATATATATATATATATATATATATACACACACA
55684942	AAAAAAAAATATATATATATATATATATATATATATATATATATATATATATATATATAATGAAA
55824754	TTGTGGTGTGTGTATATATATATATATATATATATATATATATATACACACACACACAC
56014175	ACACGCATATATATATATATATATATATATATATATATATATATATAGTTAT
56574293	TGTGTGTGTGTGTATATATATATATATATATATATACACATACATACACACACACATA
56660628	AATTCTACATATATATATATATATATATATATATATATATATATATATATATATATATATATATATATATAATTTTG
57061611	GTTGTTATATATATATATATATATATATATATATATATATATATATATATATATATATGTCTTCC
57300289	ATATTATAAGTATATATAATATATAGCTATACATAATATATACTTATTATAT
57384292	ACAAAGGAATAATATATATATATATATATATATATATATATATATGGTTCCTATAT
57861940	TTTGTATATCTATCTATCTATATATATATATATATATATATATATATATACACA
57892851	AATACATAATATATATTATATAATATATATAATACATAATATATATTATATAAT
57908343	TGTGTATATATATATATATATATATATATATGTATATATATATATATGTATATATATATTT
57989140	TTAAGAAATTATATATATATGTGTATATATATATATATATATATATATAAAATTTCTTAA
58033215	TATGAAATATATATATATATATATATATATATATATATATATATATATATATATATATATAATTTACTT
58052143	TTATATATATATATATATAACATATATATGTTATATATATATATAACATA
58109404	ATTTATATTTATATTTATATATATATATATATATATATATATATATATATATATATACACACACA
58141460	ATGTATATATACATATATATACATATAGGTATACATATATGTATATATGTGTATATATAGTT
58467796	TATTTATATAATAAATATATATTATATATATAATAAATATATATTATATATATAATAAATATATATTATATATATAATATATATATATTATATATATAATAAATATATATTATATATATAATAAATATATATTATATATATAATAAATATATATTATATATATAATAAATATAT
58468134	AATTTTATAAAATATATAATATATAATATATTATATATTATATATTTTGTATATAT
58569150	ACATGTGTGTGTGTATGTATGTGTATACATATATATACACACAAACATAT
58869832	TATATATATATATATATATATAAAAATATATATTTATATATATTTATATATAAAAATATATATATTTATATATATATTTATATATATAAATATATATTTATATATATATATAAATATATATTTATATATATATATATAAATATATATTTATATATATATATATATAAATATCTT
59467918	AAATGAGTGAATATATATATATTATATTATATATATAATATAATATATATATATACACACACAT
59769928	TGCCATATATATATATATATATATATATATATATATATATATATATATAACAAAA
60097888	ATATATATATATATATATATATATATATATATATATATATATATATATATATATATACACACACA
60200453	TGTGTGTGTATATATATATATATATATATATATATATATATATATATATATATATATAAAATTGT
60233861	ACATACATACATACATATATATATATATATATATATATATATATATATATATTTTATT
60352736	AAAAAAAAAAATATATATATATATATATATATATATATATATATTTATATGGT
60577844	TATATATATCTATATATAAATATATATATAAATATATATAAATATATATA
61203767	TAGTGTATGTATATATATATATATATATATATATATATATATATATATATATAAACACATACATACA
61271989	ACACACACACACACACACACATACATATATGCACGTATGTGTGTGTGTGTGTAT
61405870	AAATTTTATATATATATATATATATATATATATATATATATATATATATAGGACTT
61518830	ACATATATATATATTTAAACATATATATATATTTCAACATATATATATAT
61799197	ACTAATATATTAATAGTATCTATTAATATATTAATAGTATCTATTAATATATTAATAGTATCTATTAATAGATTCTATTAATAGTTTAATA
62215940	ATATACACATACATATATATACACATATGTGTATATGTATATATTTGTATGT
62267834	TATGGCATATATATATATATATATATATATATATATATATATATATATGAAGGA
62768198	TTTGGAAGTATATATATATATATATATATATATATATATATATATATATATACACACACA
63067525	TATATACATATGTGTGTATATATGTATATACATATATACATATATGTATAGATGTATATACATATATATACATATATGTATAGATGTATATATACGTATGTATGTGTATATATATATACACATACATACGTATATATACATCTATACATATATATA
63176385	TAATAATAAATATATATATATATATATATATATATATATATATATATATAAAGACATTT
63370270	AAAAAAAAATATATATATATATATATATATATATATATATATATATATATATATATATATAGCT
63473346	TTATGCCATATATATATATATATATATATATATATATATATATATATGTATTTATTTCT
64136213	AAAAAAAAATATATATATATATATATATATATATATATATATATACTTATT
64300683	TTTTCATATATATATATATATATATATATATATATATATATATATATATACATACACACA
64349114	ACATATATATGCATATATATGTATATATGCATATATATGTGTATATATATGTGTATATATATATGTATATATATATATACACACA
64823320	ACACCATATATATATATATATATATATATATATATATATATATATATATATATATATATATGAACTG
64874552	ATATATATACATATATATATACACACATATATGTGTATATATATATACATATATATGTGTATATATATATACATATATATGTGTATATATATAC
65314266	ATAATATAATATATATTATATTATATAATATATATTATATATTATATATTATATTATATAATATATATTATATATTATATAATATATATTATATTATATAATATATATTATATATTATATAATATATATTATATTATATAATATATATTATATAATATA
65617996	ACACATACATACATATATATACATATATATGTATGTATATATATGTATATAT
65851719	GCCATTTACATATATATATATATATATATATATATATATATATATATATATATATATATATATATCTTCTT
66140909	TCTTTATATATATATATATATATATATATATATATATATATATATACACACACA
66344796	GCATATATATATATATATGTATATATATATATACACACACATATATATATATACGTATATATATATATATATACGTGTATATATATATATACGTATATATATATATATATACA
66374659	ATATATTTAAATATATTTATATATTTATATAAATATATATTTATATAAATATATTTATATATTTATATATTTTTATATAAATATATATATATATATATATATATATATATATATATATATGGCAA
66623254	CATAGATATATATATATGGCATATATATATCCCATAGATATATATATATG
66748837	TTTCTTCATATATATATATATATATATATATATATATATATATATATATACACACACA
67045511	ACATATATATATATATATATATATACGTATATATATACACACACACATATGTATGTGTATGTATATATACGTATATATATATATATATATATATAT
67558626	AGATACATGTATACATGTAGATACATGTAGATACATGTATACATGTAGATACATGTAGATACATGTATACATGTAGAT
67597268	TATATATATATATATGTGTATATATATATGTATATACATATATGTATATATA
67842488	TTTCTATATATAAGTATATATATATATATATATATATATATATATATATTTAGATATATATTAA
67983828	AATATATAATATATATAATATATATAATATATATTATATATAATATATATAATATATATAATATATATTATATATAATATATATAATATATAATATATAAAT
67986153	AAATGCTATATATATATATATATATATATATATATATATATATATATATATATATATATAAAATCA
68582010	TAAACTATATATATATATATATATATATATATATATATATATATATATATAATTTTTT
68632961	TATATATATAATATATACATAATATATATAATATATACATTATATATATA
68673246	TGTGTGTGTGTGTGTGTGTGTATATATATATATATATATATATATATATATATATACACACACACACATATATATACGTATATATATGTATATATACGTATATATATGTGTATATATACGTATATATATGCATATATATGTATATATATATGCATATATATGTATACATATATATATGCATATATATATGTATACATATATATGCATATATATGTATACATATATATATGCATATATATATGTATACATATATATATGCATATATATATATGTATACA
68970426	ATAATATATAATATATATATATATATATATATATATATATATATATATATATTTTTTTTTTT
69032759	TGTATATATATATGCATATGTATATATATATATATGCATAAATACATATA
69114099	TATATGTATTTATGCATATATATATATATACATATGCATATATATATACA
69175635	AAAAAAAAATATATATATATATATATATATATATATATATATATATAATATATTATATATATGTATGTATGTATATATAAA
69244646	TTTATATATATATATTATATTTATAATATATTATATATATAATATACATGTATATA
69270654	TAATGCATAAACAAGATGTATTTTTAAAAATACGTCATATTTATGCATTA
69285732	ATATGTATGGCATATATATATATATATATATATATATATATATATATATATATATGCTATAGAAAT
69297107	ATAGGTTATATATATATTTGTTATATATATAACAAATATATATATAATTTGT
69420920	TAATAATAATAATAATAATAATAATAATAATAATTATTATTATTATTATTATTATTATTTTTGAGA
69439132	TAATGCATAAATATGACGTATTTTTAAAAATACATCTTGTTTATGCATTA
69550167	ATAATATATAATATATATATATATATATATATATATATATATATTTTTTTTTTT
69612486	TGTATATGTATATATATATGCATATGTATATATATATATGCATATGTATATATATATATATGCATAAATACATATA
69772563	TAATAATAATAATAATAATAATAATAATTATTATTATTATTATTATTAGTCAGA
69908073	TGTATATATATATGCATATGTATATATATATATATGCATAAATACATATA
69936836	AGATAAATGGTATATATATATATATATATATATATATATATATATATAAAATATATAT
69940234	TTTATATATATATATTATATTTATAATATATTATATATATAATATACATGTATATA
69989204	TATATGTATTTATGCATATATATATATATATATACATATGCATATATATATACA
70116312	AAATAGATGGTATATATATATATATATATATATATATATATATATAAAATATATAT
70119709	ATATATATATATTATATTTATAATATATTATATATATAAAATATACATGT
70145726	TAATGCATAAACAAGATGTATTTTTAAAAATACGTCATATTTATGCATTA
70160820	ATATGTATGGCATATATATATATATATATATATATATATATGCTATAGAAAT
70172184	ATAGGTTATATATATATTTGTTATATATATAACAAATATATATATAATTTGT
70296346	TAATAATAATAATAATAATAATAATAATTATTATTATTATTATTATTTTTGAGA
70421241	AATAATAATAATAATAATAATAATAATTATTATTATTATTATTATTATTTTT
70439446	TAATGCATAAATATGACGTATTTTTAAAAATACATCTTGTTTATGCATTA
70465442	AGAAGATATATATATATATATATATATATATATATATATATATATACATGTATATTAT
70612045	TGTATATATATATGCATATGTATATATATATATATGCATAAATACATATA
70683116	TATATGTGTGTGTGTGTATATATATATATATACACACACACACACCCACA
70683680	TGTATATATACACATATACATATATACATATGTGTATATATATATGTGTACATATATA
70928913	AGTTTTATATATATATATATATATATATATATATATATATATATATTTTTATTTTT
71141960	ATATATGATATATATATATATCATATGATATATATATATCATATGATATATATATATATCACAGTT
71275617	TATACATATATATACATATATTATATATAATATATGTACGTATATATACA
71342624	AATCATATATATATATATATATATATATATATATATATATATACATATCTCA
71817853	TTTATATATATATATATATATATATATATATATATATATATATATATATATATGTATTCTT
72444902	AAAGGAATATATATATATATATATATATATATATATATATATATATATATGCGT
72967517	ATTATATATATATATATATATATATATATATATATATATATATATATTTTTTTTT
73037201	GTGTGTGTGTATATATATATATATATATATATATATATATATATATATATATATATATATATATATGTATACTCACTC
73102006	ACCTGTATATAGTATATATCGATATGTACTATATATCGATATATAGTACATATCAATATATACTATATATCGATATATAGTATATATAGATATATA
73102624	ACATCTATATGTGCCATATATACGATATATCGTATATATGGTATATATCGATAT
73406833	AAAAATATCTATATCTATATCTATATATAAATATATATATAGATATCTATATCTATATATAAATATATATATAGATATCTATATCTATATATAAATATATATATAGATATCTATATCTATATATAAATATATATATAGATATCTATATCTATATATAAATATATA
73407067	ATATCTATATATAAATATATATATAGATATCTATGTATAAATATATATATAGATAT
73414842	GATTTTATATATATATATATATATATATATATATATATATATATATATATATATATATATATATATATATATATATATGGATTCA
73499702	AAATATATAATATATAATATATATATATATATTATATATAATATATATAT
74305199	AAAAAAAAAAAATATATATATATATATATATATATATATATATATTTTATACCT
74502065	AAAAAAAAATATATATATATATATATATATATATATATATATATATATATATATATATATATATATATATGGTT
74519947	AAATAATTATATATATATATATATATATATATATATATGTATATATATATATATATACACACA
74534774	ATATATATATTTAAGAAATATCTTAAATATATATCAGATATTTATTAAATATATATTT
74838398	TGTGGGTATATATATGTGTGTGTGTGTATATACACATATACACATATATATACACATA
74838479	ATATATATATACACATATATACATATATATACATATATGTATATATATGTATTTTTTTTT
75104818	ACATATATATGATATATATGTCATATATATGAGATATATATGACATATATATCATATATATATCATATATATGATATATATATGATATATATATAAGGT
75369320	TGTGTGTGTATATATATATATATATATATATATATATATATATATATATACAC
75519250	TCTTTATATACATACATACATATATATATATATATATATATATATATATATATATATATATATATATATATGTATATGTATATAAAGA
75725429	TATATATATACATATATAAATTTATATATATACATATATGTATATATATA
75732295	ATGATCATATATATATATATATATATATATATATATATATATATATATTTTTTTTT
76202791	TGTGTGTGTGTATATATATATATATATATATATATATATATATATATATATATATATACATATATATATACCAA
76371760	TATATATACATATATATATATATATATATATGTATATGTATATATGTATATATA
76393508	TTTATATATCTATATATATATATCTATATATATATATATATATATATATACATACATAT
76997502	CATGCATATATATATATATATATATATATATATATATATATATATATATGATGG
77045941	TTTGCAAATTTGTGCTCTCTCTCTATATATATAGAGAGAGAGCACAAATATATATA
77611738	AAAAAAATATATATATATATATATATATATATATACATATATATATGTGTGTATATATATATACATATATATATGTGTGT
77611825	TATGTGTGTGTGTATATATATACATATGTATGTATATATATACACACACA
77868299	TATATGTGTATATATATGTGTGTATATATATATATACACACACATATATATATATACA
78130415	TGGTATATATATGTGTATATATATATATATATATATATATATATATATATATATGCCA
78202462	TTAGGTTGGTGCAAAAGTAATTGCAGTTTTCGAAAACCTCAATTACTTTAGCACCAACCTAA
78233073	TTCGATATATATATATCTTACATATATATGTAAGATATATATATGTAAGA
78233227	TATATATGTAAGATATATATATCATATATATGATATATATATCTTATATATATA
78432799	TATATATATATATATATATATGAATATATATTCATATATATGAATATATATGAATATACATAT
78474520	ATATATTATATAATATATCACATATATATCACATATATTATATAATATAT
78475071	TAGTATATATACTAAGTATATATACTAGTATATATACTAAGTATATATACTA
78897432	TGGCTAGATATATATATATATATATATATATATATATATATATATATATATATATGTGTGTGT
78897529	ACACGCATATACACGCATATATGTATACGTATATGCGTGTATATATGTAT
78897614	CGTATATGTACATATATACATATATGTATATATACGTATATGTACATATATACATATATGTATATATACGTATATGTACATATATACATATATGTATATATACGTATATGTACATATATACATATACGTATGT
79141870	AATCAGAGAGTAGGTGTTGTCTTTGGGCCATTTCATGATTTGGCCCAAAGACAACACCTACTCCCTGAAT
79499055	TCTAAATAAATATATATACACATATATATATATATGTGTATATATATTTATATATA
79559439	TATATATATATGTGTGTATATATATATATATAAATATATACATATATATAAATATATACATA
79572691	ACACACACACACAAATATATATATATATATATATATATGTATGTGTATAT
79844714	ACACACATATATATATATATATATATATATATATATATATATATATAGTT
79896652	ATAGATATATAAATATATATTTATATATACATATATATTTACATATATGT
79908582	AGTGGTATATATATATATATATATATATATATATATATATATATATGTATATATATATATATATGGA
79912839	TCTATTCTCTATATATATATATATATATATATATATATATATATATATATATATATAATATATA
79987588	TACATATATATGTTTATATATTTATATAAATATATCTAAATATATATGTA
80619680	ATATGTATATATGTGTATATATGTATACATATATACGTATATATACACGTATATATACGTGTATATATACATATATGTGTATATATATATATA
80740950	AAAATTTTATATATATATATATATATATATATATATATATATATATGTATGTATTTA
80783824	AAATAATATATATATATATATATATATATATATATATATATATATATATATATAAATAAAATAT
80797029	AAATATATATATATATATATATATATATATATATATATATATATATATATATATATATACACACACA
81221436	ACATATATATATATAAACATATAAACATATATATATGTGTATATATATATATATATATATAT
81762014	TTATATATTATATAATATATATAATATTATATAATATATAATATTATATATTATATATTATATAATATTATATATTATATAATATATTATATATTATATAATATATTATATATTATATAATATATTATTATA
81762308	ATATAATATTATATTATATATAATATATTATATATTATATCATATAATATATTATATATAATATATTATATAATATAATATGGTA
81768368	ATATATAATATATTATATATTATAATATATTATATATTATAATATATTATATGTTATATATAATATATAATATATTATATATAATATATTATATATTATATATAATATATAATATATTATAATATATAATATATAATATATTATATATATT
82197760	AAAAAAAAAAAATATATATATATATATATATATATATATATTTTCTATCTCT
82204633	TCTCTATATATATATATATATATATATATATATATATATGTGTATATATATATATATATGTATATATATATAT
82213333	TTTTCATACATATATATATATATATATATATATATATATATATATATATATATAAATATATATATATATATATATAACA
82566572	TTTTCGAAAAAAAAAATATATACATATATATATGTATATATTTTTTTTTTGAGACA
82890786	ACATATTATGATATATAATATATTATAATACATTATATACCATATTATAT
82904398	CTTATTTTATATATATATATATATATATATATATATATATATATATATATATATACTTGGA
82944208	TTTGACTATATATATATATATATATATATATATATATATATATATATATGGTTTGA
83266456	TCACAGTATATATATATATATATATATATATATATATATATATATATTTA
83428169	ACATAATATATATTATATATATTATATATAATATATTTTATATATAATATAT
83587534	TATATATCTATATAGATCTATCTATATAGATATATCTATATATCTATATA
83897364	ATATATATATTTATATATAATATATATAAATATATATATATATATATTTTATATATATATATATATAT
83910543	TGTGTGTGTATATATATATATATATATATATATATATATATATATATATATATATATAAAAGTTT
84048473	TTATAATATTATATATATTATATATATATAATATATATATAATATTAATA
84186111	TATATATAAATATATATATTTATATATTATATATAAATATATATATTTATATATTATATATAAATATATATATTTATATATAATATATAAATATATATATTCATATACATAA
84201428	TGTATACATATATACACGTATATATATGTATACATATATATGTGTGTGTATATGTATATA
84256404	GTGTGTGTATATATATATATGTATATATATATATATATACATATATATATATATATATGC
84467908	TGTGTGTGTGTGTGTATATATATATGTGTATATATATATATATATACACATATATATATACACACATATATATATATATATATATATATATACACATATATATATATGAAT
84489680	CTTATATACATATAAGTACATATATGTATATATGTATATATGTACGTATATGTATATATG
84862733	ACATATATATACACATATATACATATATATGTGTATATATATGTGTATATATAT
84896030	ACACACATATATATACATATATATATATGTATATATATATACATATATATGTGTATATATATATACATATATATATATGTATATATATATATATACATATATATATATACCTA
84923218	AAAACTATATATATATATATATATATATATATATATATATATATATATATATGTAAAATAT
84947890	TGATATATATTATATACAAATTATATATATAATTTATATATTTTATATATTA
84981665	TATATATATATATATATATATACTGTATATATATATATACAGTATATATATATATACACACACA
85071449	AAAAAATTATATATATATATATATATATATATATATATATATATATATATATATATATATATATATCAAGA
85152072	AATATAATATATAATAATATATAATATATATAATATAATATAATATATTATAATATATAATATGATATAATATTATATAATATAATATATAATAATATATATTATAATATATTATAATATATATTATAATATATAATAACATATATTATAATATATATTATAATATATAATAACATATAATTATATATTATAATATATAATAACATATATTATAATATATATTATAATATATAATAACA
85152420	TAATATATAATAATATATATTATAATATATAATAACATATATTATAATATATAA
85152529	TTATATATATAATAATATATATTATATATATAATATACATTATAATATATAATA
85152618	AATAAATATATAATATATATAATTATATAATTATATATATTATATATTATATATATAATTATATATATTATATATAATATATATAA
85297231	ATATTATATATATATATATATATATATATATATATATATATATATATACATTTTTTT
85351362	TATATATACTATATATATAGTATATATATAGTATATATATAGTATATATA
85529976	ATCTGTGTGTGTGTGTATATATATATATATATATATACACACACATATATAT
85677289	ATATTATATATAGTATACATATTATATATAATATTATATATAATATACATATTATATATAATATTATATATAATATACATATTATATATTATAT
85678976	TATATATATATATGTGTGTATATATATATATATGTATATATACACACATATATATTTCCA
85716153	TTGGAGAATATATATATATATATATATATATATATATATATATATATATTCCTATATATATATATATATGT
85722822	ATATGTAAATATGCATATATATATATATATATATATATATATATATATATATACATGTTT
85871265	ATGTATATATATATATATACATATATATACATGTATATATATGTATATATGTGTGTATATATGT
85871396	TGTGTGTGTATATATATATATATATATATATATATATATATATATATATATATAC
85951558	AAAAAAAAATATATATATATATATATATATATATATATATAAAATTTTAT
85978839	TAGAATATATATATATATATATATATATATATATATATATATATATATATATATATATATATGGAAATAGT
86214754	TAAGTATATATAGTATATATATTATATAGGATTTATACTATATATACTAA
86215162	TATATTTTATATATATATAGTTTATATATACTATATTTTGTATATATATAAAATATAGTATATATAAACTATATATATACTAAATATA
86215973	ATATATATAGTATATACTATATATTATATAATATATAGTATATACTATACTACT
86216663	TTTATATAGTATATACTCTATAGTATATATAGTATATAGTATATAGTATATAGA
86216992	ACTATATATAATATACTATATATAGTATATGCTATATAGTATACTATATAGCATATACTATATATAATATATTATATAGCATATACCATATATAATATACTATATATAGTATATACTATATATAATATACTATATATAGTGTAT
86217392	ATATGCTATATGTATTATATACTACATATAGCATATGCTATATGTAGTATATACTATGTATAGCATATGCTATGTGTAGTATATACT
86217500	GTATATACTATATATTATATGCTATATATAGTATATACTATATATTATATGC
86525999	ATATTTATATATAATACATATTTATATATAAATATGTATTTTAAATATATTT
86553627	AATATATTATATATTATATATATAATATTATATATTATATATATAATATAATATTATATATATATATTATATAATATTATATATTATATATTATATATTATAATATATAATATATTTATATATTATATATACATATATAATATATTATATATGTATATATAATATATAA
86634309	AGCTAATTTTATATATATATATATATATATATATATATATAAAATTTTTT
86829390	ATTATATATTATATATATTATATATTTTATATATATAATGTATATTATATATAATATATACT
86928741	TATATATATATATGCTATATATATATATATATATATGCTATATATATATA
86995597	AATCAATATATATATATATATATATATATATATATATATATATATTTTTTTTT
87263382	GTATTCATATATGAATACATATATATATATATATATATATATATATATATATATATATATATGAATACT
87364264	ATACATATATATTTATATATATATATATATATATATATATAAAAATGTGTGTAT
87487792	AAAAGTGTATATATATATATATATATATATATATATATATATATATATATATGTATATAGCCAC
87499559	TCCCTATCATATATATATATATATATATATATATATATATATATATATATATATATATATATATATATATATAATTTGCA
87923997	TGTCTCAAAATATATATATATATATATATATATATATATATATATATATATATATATATATATATATATTTTGTGGTA
88165064	TTTTCATATATATATATATATATATATATACATATATATATATATATACACATATATATATATATATACA
91715544	CAATTCCTATATATATATATATATATATATATATATATATATATATATAGGAATT
91716721	ATGGAATATATATATTCCATGTGATATATATATGATGGAATATATATATTCCATGTGATATATATATATGATGGAATATATATATTCCATGTGATATATATATGATGGAATATATATATTCCAT
91716861	ATGGAATATATATATTCCATGTGATATATATATATGATGGAATATATATATTCCATGTGATATATATATATGATGGAATATATATATTCCATGTGATATATATATATGATGGAATATATATATTCCATGTGATATATATATATGATGGAATATATATATTCCAT
91717142	ATATATATATATATGATGGAATATATATATATTCCATGTGATATATATATATGATGGAATATATATATATTCCATGTGATATATATATGATGGAATATATATATTCCATGTGATATATATATATGATGGAATATATATATTCCATGTGATATATATATATATGATGGAATATATATATTCCATGTGATATATATATGATGGAATATATATATTTC
91717408	ACACACATATATATGTATATACGTATATATGTATATACGTATATATGTATAT
92224752	TCTCTCTCTATATATATATATATATATATATATATATATATATATATATATATATATCACTCT
92405230	TAGATACAGGTATATATATATATATATATATATATATATATATATATATACATATATACACACA
92411734	TTATATATATACATATATATATACATATATATATACATATATATATGTATGTATATGA
92722549	AACTGTGAATATATATATATATATATATATATATATATATATATATATATATATAGCTTTCC
93009662	AGGCATTCCACAAGGTGGTGAGCGTGCATGTGTGTGTACGTGCCTGCACACACGTGTGTGCAGGCACGTACACACACATGCACGCTCACCACCTTGTGAACTGGTT
93391879	ACATATGCACATATATATGCATAATATATATATATATATATTATGCATATATATATATATATGT
93606624	AATAATAATTATTAATGGATTAATAATTATTAATCGATTAATAATTAGTTAT
93654841	AGATCTTATATTATATATGTTATATATGTTATATATAACATATATGTTATATATAATATAAGATAT
94026422	TTAAAGTATATATATATATATATATATATATATATATATATATATATATAGCAAT
94319858	GGAAGACTATATATATATATATATATATATATATATATATATATATATAAAATTGC
94474021	AAAAGTATATTTTAAAAGTATATATATATATATATATATATATATATACTTTAAAAATATATATATATATATACTTTTAAAGTATACTTTT
94519790	ATGTGTGTGTATATATATATATATATATATATATATATATATATATATACAGTT
94656981	TATGTATATATGTATATATACATATGTATGTATACGTATATATGTATATATACACATATACATATGTATGTGTATATATACACATACATATGTATATGTATGTATATATGTATATATGTATATGTGTATATATATACATATACACACATATACATATATA
91810541	AATAAACTATATATATATATATATATATATATATATATATATAGGCTCAT
91921900	TGACACACATTTATATATATATATATATATATATATATATATATATATATAAATATTTATGAA
91947051	AAACTAAAATATATATATATATATATATATATATATATATATATATATATATATATATTTATGCATGT
92053157	TGTGTGTGTGTGTGTGTATATATATATATATATATATATACACAGACACATATATA
92471175	CTGTCATATATATATATATATATATATATATATATATATATATATATGGCTG
92642948	GAGGGCCTGTGTGTGTATATATATATATATATATATATATATATATATATATATATATATACACACACACACACAC
93166004	ATGTGTGTGTGTGTATATATATATATATATATATATATATATATATATATATATCCACACACAATTA
93488553	AAAAAAATTATATATATATATATATATATATATATATATATATATATATATATATGGTTTCT
93536643	ATTTAAACATATATATATATATATATATATATATATATATATATATGTATATCA
93890416	TGTACTATATATATATATATATATATATATATATATATATATATATATATGAATTCA
94087806	TAATAAAATATATATATATATATATATATATATATATATATATATTCAAA
94132301	ATATATATAATATATATAATATATATAATATATATTATATATGTAATATATATTATATATAT
94276271	ATATATATACATATATATGTATATATATATACACATATACATATATATGT
94289763	ATATATATGCATATATATACAAATATATATGTGCATATATATACATATATATGAATATATATACAAATATATATATGCATATATATACATATATATATGCATATATATACATATATATATATGCATATATATATATATATATATATGC
94761788	TCTCTGTGTGTATATATATATATATATATATATATATATGTACACATATA
95286596	TGTATGTATGTGTATATATATATATATATATATATATATATATATATATATATATATATATAAAATCTT
95370754	ATATATATATATATTTAAGTATATATATATATATATATTTAAGTATATATATACTT
95475195	ACATATATATATACACATATATATATGTGTATATATATACATATATATATGTATATGTATATATAT
95914032	AGTTTCTTATGGACCGCATATAGTTGAGCATATGCTCAACTGTATGCGGTCCATAAGAAAAT
96123487	TATATATATATATGTGTGTGTATATATATACACATATATATGTATATATACACACACACATATATCCA
96324992	AATTTATATATAATATATTGTATATTATATATAATATATAATTATATATAATATATAATATATTATATATTATATATAATTATATATTATATATTATATACAATATATTATATATTATATATAATATATAATTATATATTATATAT
96515671	TATATATATAATATATATATATAAAATATATATATATTATATATATATAATATATATATAATATATATATTATATATATATTTTTAA
97209003	ACATATGTTATATGTTATATATAACATATACATATGTATATGTAATATATAACATATAACATATGT
97209677	TGTATATATATACATATATACATGTATATACATATATACATGTATATACATATA
97209735	TATATATACATGTATATACGTATACATGTATATATATACATATATACGTATATACATATATATACA
97209814	ATATGTATATGTATACATGTATACATATATATACGTATATATGTATATATATACATGT
97264887	ATATAATATGTACACAAATATATGCATATGTAGATATATGTGTACATATTATAT
97270800	TCTACTATATATATATATATATATATATATATATATATATATATATATATATAGTAGT
97271495	TATATATATAGTAGTCTCTACTATATATATATATATAGTAGTCTCTACTATATATATA
97422830	TTCACAAATATATATTATATATATAATTATATATATAATATATAATTATATA
97523228	TGTATGTATATATATATATATATGTGTGTATATATATATATATATATATATACACACATATATATATACACATATATATA
97567364	AATTACTATATAATATATATAATATATATAATATATATTATATAATATATATTATATATTGTATATATAATATAT
97567592	TCATATATTATATATATTATATGATATATATCATATTATATATATCATATAATATATATATTATATTATATATATCATATAATATATATAATATGT
97708646	AGTTTTATATATATATATATATATATATATATATATATATATACACACATACA
97895229	TGTGTATGGATATATATATATATATATATATATATATATATATATATATATATATATATAGTGGT
98219523	AGACTAAATATATATATATATATATATATATATATATATATATTTTTTTTTT
98314648	AGTGTATATATGTGTATATATATATATATATATATATATATATATATATATATATATATTTTTTTTT
98359751	ACACACAAAGATGTGTGCATTTATATATTAATATACACATCTTTGTGTAT
98761723	TGTGTGTGTATATATATGTATACCATATATATGGTATACATATACATACATATATA
98807763	TATACATATATACACATATATACATATATATACATATATATGTGTATATATATATA
99394227	TTTAATATATATATATATATATATATATATATATATATATATATATATATATATATTCTAT
99453009	TATATACATGCATATATATGTACATATATACATATATATGTACATATGTACATATATATACATATATATAC
99473005	TCTGTAGTTTTATATATATATATATATATATATATATATATATATATATATATATATATAAAGTTAAAAAT
99651716	TTTGTGTATATATATATATATATATATATATATATATATATATACACGCACACA
99674905	TATATATGTATGTATATGTATACCATATATATGGTATACATATATATACACACACA
99828641	TTAACATATATAAATATAAATATATATAAATATATATTTATATATATTTATATTTATGTAAAT
99828888	ATATATATTTATGTAAATATATCTATATATATATATTTATGTAAATATATCT
99829158	AATTATATAAATTTATATATATACAAATTTATATTTATATAAATTTATATATATACAAATTTATATTTATATAAATTTATATATATTT
99829311	AAATAAATATGTATTTATATAAATATATTTATATAAATATATTTTTATAT
99829416	TAAAAATATAAATATATTTATATAAATATATTTATATAAATATATTTATATAAAAATATATTTATATA
99978772	ACATATATATACATACATATGTATATATATATATACATACATATGTGTATATATATATACATACATATGTATATATATATATACATACATAT
100020743	AGATATTAATGTGTGTATGTATGTATACATACATACACACACATATATAT
100063801	AAATATATATGTATGTACATATATACATGTATATATGTACATACATATATAAAT
100064246	ATTTATATATGTATATACATATATACATGTATGTATGTACATACATATATATTT
100423598	ACACATATATATACATATACACATATATGTGCATATACATATATATGTAT
100441390	ACAGAAAAATCATATATATATATATATATATATATATATATATATATATATATATATATATAATTTATATAT
100649973	AGGTGTATATATATATATATATATATATATATATATATATATATCCATTT
100728056	TGGTTAAATATATATATATATATATATATATATATATATATATATATATATATATATCCAA
100765756	TATATATATGTATATATGTGTGTATGTACATATGTGTGTGTGTATATATATACACACACACATATGTACATACACACATACATATATATACACA
100883305	AAAATGTTGTGTGTGTATATATATATATATATATATATATATATATATATATATATATACACACACATCACATTT
101386329	ACAGAGCAATATATATATATATATATATATATATATATATATATATATATATATTTTTATATATAGCTCTCT
101399856	ATACATATATATACATATATACATATACATATGTATATGTATATATGTATACATATGTGT
101399919	TATATATACATATACATATATATGTATACATATGTGTGTATATATATATACA
101596041	TATATATATAATATATATATTATACATATAATATATTATATGTATAATATATATAATATATAATAA
101790692	TATAACAAAATATATATAAATATATATATATATATATATAAATTATGTTATA
101796600	CTCATATATATATATATATATATATATATATATATATATATATATATATATATATATATCTGCATATG
102115584	ATATACATATATATATATATATATATATATATATATATACACACATATATATATGTATAT
102217748	ATCGTGGAATATATATATATATATATATATATATATATATATATATATATATATATATATATATATACACCACATT
102706081	ACACATATATACATATACATATATATATATATATATATATATATATATATATACACA
102873185	ATATATTTATATATATATATTTATATATATATATTTATATATATATATTT
103358819	ATTAAGTGTATATATATGTATATATATATATATATATATATATATATATATATTTAATT
103559033	GCAGCTGTATATATATATATATATATATATATATATATATATATATACACAAACA
103596131	AGCTATATATCTATATAAATATATATATAAATATATATAGATATATATAT
104084952	AAATATATACACATATATGTATAAATATATTTACACATATGTATGTATATATGT
104203265	TTTATATATATATAAGAATATATATATATATATATGAATATATATATATATA
104203343	AGAGGATATATATATATATATATATATATATATATATATATATACACATATATATATCCCAT
104512101	TGTGTGCGTATGTGTGTATATATATATATATATACACACATACAGAGAGA
104857208	TATCAAAAAATATATATATATATATATATATATATATATATATATATATATATATATATATATATTCATAGATGT
105053695	TTTATATATACATATATACATATATACGTATATACGTATGTACGTATATACGTATATATGTATACATATA
105086476	TATATAAATAAATATATAAATATATTTATTTATATATAAATAAATATATATATTTATTTATATATAAATAAATATATATATTTATATAAATATATATATTTATTTATATATATTTACTT
105105334	TTAAAGTATATATATATATATATATATATATATATATATATATATATATATATATGAGCTTT
105411008	TATACATTATATATTATATATAATATATTATATATTATATATTATATATAATAAATA
105459874	TGTGTGTGTATGTATGTGTATATATATATATATACATATATATATACATACACACACATA
105634276	AGATATATATATATATATATATATATATATATATAGATATATATATATATATATATATATATTT
105634388	TGTATATATATATGTGTGTGTATATATATATATATATACACACATATATATATATGT
105658437	AGAGAAATATATATATATATATATATATATATATATATATATATATATATGCATACACA
105723834	ATACATATTATATATCTTATACATATATATGTATAATATATATTATATATGT
105724248	TATATGTATATATGTATATATACATATATGTATATATAGATATATGTATACA
105724687	ATATATTATATATAATATATATTATACGTATTATATATATTATATATTATACGT
105891444	ATATTTATTTATATATATATATATATATATATATATATATATATATCTTT
105895711	ATATTTATTTATATATAATATATATCATATATAATATATATTTATATATAAATATATAATATATATAATATATATTATATATAAATATATAT
105895903	AATTATATATAAAATATATATTATATATAATATATATTATATATAAATATATATTATATATAAAATATATATTATATATAATATATATTATATATAAAATTCA
105900262	CATATATGATATATCATATACTATATATGATATATCATATACTATATATGATATATCATATACG
106028825	TCTCTATATATATATATATATATATATATATATATATATATATATCTCCA
106033172	ATTTTTTATATATATATATATATATATATATATATATATATATATATATATATATACATTTTT
106170737	TAACCATATATATATATATATATATATATATATATATATATATATACGCA
106233193	AGATATATATATATATATATGATATATATATATATATATGATATATATATATATATGATATATATATATATATATGATATATATATATATATATAT
106248348	AGATGTACATATATATGTACGTATATGTATATACATATATGTATATACATATACGTACATATATACATATATAT
106349219	TAATGTGAAATATATATATATATTTCACATAATGTGGAATATATATATATTTCACATAATGTGGAATATATATATATATTTCACATAATGTGGAATATATATATAT
106905242	TGTGTGTATATATATATTTATATATATATATATATATATATATATATATATATATTCCCA
106927621	TATATAATATATAATATATATATTATATATAATATATAATATATATAATATATATAATATATAATATATAATATATATAATATATAATATATATAATATAATATATATTATATATTATATATATTATACATTAAA
106995952	TGGCAAAAACATATATATATATATATATATATATATATATATATATATATATATATATATATATTTGGCA
107186074	ACAAGAGCATATATATATATATATATATATATATATATATATATATATATGCATTCAT
107281950	TCATTTTATATATATATATATATATATATATATATATATATATATATATATATATATATATTAGTGA
107344889	AAAAGCATATATATATATATATATATATATATATATATATATATACAGCT
107344960	TTTATATATATATATATATATATATATATATATATATATATACATATATACATACACA
107490337	ACACACACACACATATATGTATATACATATATATGTGTATATATATACACATATATATGTATATACATATATATGTGTATATATATGAAAAAA
108025054	TAATATATATATATATATATATATATATATATATATATATATATATCACAT
108180680	GCTGGTGTGTGTGTGTGTATATATATATATATATATATATATATATATATATATATATATACATATATATATATATATATATATATATACACACACACACACACAC
108481947	CTATCTAATATATATATATATATATATATATATATATATATATATCTTGGGTAG
108758401	AAAAAAATATATATATATATATATATATATGTATATATATATATATATGTATATATATATATATATATATATATATATATATATATAAAT
109022559	GTGAGCTAAGTGGAAGCTCTAAGAGCTCCTGGAGCTTCCATTTAGCTCTC
109228401	TGTGTATGTGTATATATATATATATATATATATATATATATATATATATATGTATATACAGTT
109422005	ATATATATATATATATAAGTATATATATATATAAATATATATACTTATATATATATATACTTATATATATAAGTATTT
109782819	ATAAATATATATATACACATACATATATATGTGTATATATATATATTTAT
110316801	TGTGTGTGTATATGTATATACGTATATATACATATATATATATATACACATA
110477858	TGGCATATATATATATATATATATATATATATATATATATATATAATGAA
110609366	AAATGCATTTATATATATATATATATATATATATATATATATATATATATACACACACA
110779014	ATATATATATACTATATATACTATATATATACTATATATATAGTATATATATAT
111421370	ACATACCTGTATATATATATATATATATATATATATATATATATATATATATATATATATACACACACA
111578930	TCTATGTATATATACACACACACACATATATATATGTGTGTGTATATATATATATATA
111675144	ATATATAGCTATAGATATATATATATCTATATATATATATATATATATCTATATATATATATAGATATATAGATATATATCTATATATATATATATTTTTTT
113381992	ACATACACACACATATGTGTGTATATATAGATATATATATACATACACACATATGTGTGTGTGTATATACACATACACACATATGTGTATAT
113648123	ACACACACATATATATATATATATATATATATATATATATATATATATATGGAT
113953744	TGTATGCTTATATATATATATTGTTATATATATATAACAATATACATATATAATAATATA
113954011	ACGTCATATATATATGACATATATATATGACATATATATATATGACATATATATATGACATATATATATATGACATATATATATGACATATATATATGACATATATGACATATATATATGACATATATATATGACATATATGTCATATATATGACATATATATGACATATATGACATATATATGACATATATGTG
113954256	TGTGTATATATATATATGTATATATATATATATATATGTATATATATATATATATATGTGTATATATATATATATATATATATATGTATATATATATATAT
114247189	TGTGTGTATATATATATATATGCATATATATATATATATGCATATATATATATATATATATA
114280106	TGTAATTACAGTATATATACACACTATATATAGTGTGTATATATACTGTAATTACA
114762008	TCTTTTCATATATATATATATATATATATATATATATATATATATATATACACACACA
114910774	TATGACATATATATATATATATATATATATATATATATATATATATATATATATATATATAAGAAAG
114970683	ATAAAATATTTTTAAAATACTTAAAATATTTTAAATATTTTATAAATAATTTGT
115038692	AGTGAGACTATATATATATATATATATATATATATATATATATATATATATATATATATATATAATTTGACT
115551384	AAAAAGAAATATATATATATATATATATATATATATATATATATGTATATATAATTCATAT
116079196	ACTAATATATATATATATATATATATATATATATATATCTATATATATATCTTA
116119015	TTTTTTTCATATATATATATATATATATATATATATATATATATATATATATATGAAAAA
116258138	TTTTTTCATATATATATATATATATATATATATATATATATATATATATATATTTTTTTTT
116558869	AAAAAGATTTATATATATATATATATATATATATATATATATATATATATATATATATAGAATAAAC
116702423	ATGGTGATTATATATATATATATATATATATATATATATATATATATATATATATAAACATTGT
117262905	TGTGTAATATATATATATATATATATATATATATATATATATATATATATATATAAAATGA
117319703	ATATGAGATATATATATATATATATATATATATATATATATATATATATTTTTTTTT
117341344	CTATGAGATATATATATATATATATATATATATATATATATATATATATAATTTATAG
117701699	ATATACGTATATATATATACACGTATATATATATATACGTATATATATATATATATATGT
117774140	AGATATATCTATATACAGATTTATATAGATATATCTATATATATCTATATATAGATTTATATAGATATATCTATAGATATATCTACAGATATCTATATCT
117878453	GTGTATATATATATATACTCTGTGTATATATATACCGTGTATATATATATATACTC
117878831	ATATATATATATATTTATATATGATATATAATATATATAAGTATATATATATTTATATATGATATATATAA
117879576	TTAATATATATTTATATATTTAATACATAAATATATATTTATATATTTAATACATAAATATATATTTA
117879916	TCTATATTTCTATATAGTTATATATAGAAATACATAGAAATATATATTTCTATGTATTTCTATATGTAAATATATATAAATATATATATTTCTATATATTTCTATATATA
117898033	TTTGAGTCTATATATATATATATATATATATATATATATAGTATATATATATATATATATATATACTATATATATATATATATATATATATATATATAGACTCATA
117923044	ACAAATACATATATAAATATATATATATATATATATATATATATATATATATATGCACATATG
117959579	GTATTTTAATATATATATTTAATATATATTTAATATATATATTAGCATTC
118375962	ATGATTTTATATATATATATATATATATATATATATATATATATATATATATTTTTTTTT
118378065	AAAAAAAAATATATATATATATATATATATATATATATATATATATATATATATATATACTTTCAGT
118398754	ATATTATATATTAAATATATATAATATATATATTATATATATTATATATATATTTTATATATTATATATTAAATATATATAATATATATATTATATATATATTTTATATATTA
118398873	AAATATATATAATATATATTATATATTAAATATATATAATATATATTATATATTAAATATATATAATATATATATTATATATTAAATATATATATTATATATATAATATATATATTATATATATAT
118538557	ACATATATATATATATATATTTTTATATATATATATATATATATTTATATATTT
118628338	GCATATATATATATATATATATATATATATATATATATATATACACACAC
119072191	AAGGAGAGAGATATATATATATATATATATATATATATATATATATATATATATATATATATATATATATCCCTT
119118308	ATGTTTTATATATATATATATATATATATATATATATATATATATATATATTTATATATATATATTTATATATATATGTTT
119166893	GTACTATATATATATATATATATATATATATATATATATATATATATATATATATTTCTGAA
119184995	ATAAAGATAAATTATATATATATATATATATATATATATATATTTTTTTTTTTT
120090089	TATATATTATACTATATACTATATATTATATAATATATAGTATATAGTATATATTATATAATATATAGTATATAGTATATATTATATAATATATAGTATGTATT
120391050	ATATATACATGTATACATATATACATGTATATATACACATGTATACATATATACATGTATATAT
120570383	TCTATTAATCTATACATATATATAAGTATAGATTAATCTATACATATATATAAGTATAGATTAATCTATACACATATATAAG
120630350	CCTCATATATATATATATATATATATATATATATATATATATATATATAGTGAAG
120784646	TGATTTTATATATATATATATATATATATATATATATATATATATATATATCCAACA
120993382	TATATATATATATGTGTGTGTATATATATATATATATATACACATATGTATATATATGTATATATATATATATA
121206004	TAAAATATATATATATATATATATATATATATATATATATATATATATATATATGTATCACA
121227887	ATCATATATATATACATATATATATATATATATATATATATATATATATATATATATATATACCCT
121570831	TATATATTATATACATCTATATATTAATATATAGATGTATATATTAAGGA
121582463	TTAAAATATATATATATATATATATATATATATATATATATATATATACATATATATACACATATATACT
122097468	ATACATATATACACACATATATACACATATATGTGTATATATGTGTATATGTGTGTGTGTGTATATATATGTGTATATATATATATATATATATATATATATATATATATTTTT
122141787	TATGTGTGTGTGTGTGTGTGCGTGTGTGTATATATATACACACGCGCGCGCACACACACACACACA
122608782	ACACACACACACACATATATATATATATATATATATGTTTATGTGTTTTT
122958214	TGTATATACACGTGTATATATGTGTATATATACACGTGTATATACGTGTATATATACACGTGTATATATGTGTATGT
123430034	ACACACACATATATATATATATATATATATATATATATATATATATATATAT
123487833	TGTGTATATATATATATACATATATATATATATATATACATATATATATATATATATATATAGAGA
123600649	TGCAGGAATATATATATATATATATATATATATATATATATATATATGCAGGAA
123924527	ATATATATATATAATTTTATATATATAATTATATATATAATTTTATATATATAATTATATATATAATTATATATATA
123963295	TGTATATATACATACATATGTATATATATACACATATATGTATATGTAGA
124003889	TATATATATATATATATATATTATATATATATATATTTTATATATATCTATATATA
124200469	CATACAAATATATATATATATATATATATATATATATATATATATATATATATATATGAATGTTT
124234556	ATATATATTTATATATATGTAATATATATATTATATATATTTATATATATGTAATATATATATTATATATATTTATATATATGTAATATATATATTATATATATTTATATATATGT
124234673	ATATATATATTATATATATTATATATATGTAATATATATTATATATATTT
124755832	GTGTGTGTGTGTGTATATATATATATATATATATATATATACACACTCAGCCTC
124950888	ATATATATATTATATATAATATAGTATATATACCATAGTATATATAATATATATAT
124950960	ATATACATATTATATATAATATAGTATATATACCATATTATATATAATATATATATTTTATATATATATTTAATATATATAATATATATAATATGGTATATATACTATATTATATATAATATGGA
124951171	TTTATAATATATATTATTTATAATATATAGTATAAATAATACATATTAAATA
124951322	ATATATAGTATATTATATATACTATACATCATATGATGTATAGTATATATTATATTATATATAT
124951839	ATATTATATTATATAATATATATGATATATAATATATATTATATAATTAAATAT
126075217	TATATATATTATTATATATATAATATATATATTTTATATATTATTATATATATAATATATATATTTTATATATATATTATATATATTATATATAATATATATTATATATAATATATTATATATAATATATATAAAATATAATATATATTATATATAATATATATAAAATATATATATTATATATAATATATATAAAATATATATATTATATATAATATATATAAAATATATATATTATATATAATATATATAAAATATATATATTATATATAATATATATAAAATATATATATTATATATAATATATATAAAATATATATATTATATATA
126075559	ATATATATATATATTATATATATAAAATATATATATATTATATATATATAAAATATATATATAT
126466269	TGTGTGTGTATATATATATATATATATATATATATATATATATATATATA
126573715	TCAGACTATATATATATATATATATATATATATATATATATGTATATACTGAG
126950479	ATATATATACATATATATATATACATATATATATATACATATATATATACATATATGTATATATGTATATATATATATATATAGA
127133417	TGAAGGTATATATATATATATATATATATATATATATATATATATATATATATTTATTTATTTATTT
127290461	AGGCATATATATATATATATATATATATATATATATATATATATATATATTTATATAGACAGA
127336900	AGAGACACATATATATATATATATATATATATATATATATATATATATATATATACACAT
127815661	TCTCTCTCTATATATATATATATATATATATATATATATATATATATATATATATGTATATACACACA
127867399	TATATATGTATGTGTGTATATATATATATATATATACACACACATATTTA
127875456	ATATGATATATATCATATATCATATATATCATATATCATATATATGATATCATATATATGATAGATCATATAT
127875562	ATATATATGATATATGATATATGATATATATGATAGATCATATATGATCTATCATATATATCATATATCATATATATCATATATATCATATATATCATATATATCATATATATCATATATCA
128046020	GTGTTTGGGTGAATATATATATATATATATATATATATATATATATATATATACACACACACAC
128120867	TTTTATATATAAATATATATATATATATATATATATATATATATATATGTATATATAAA
128467756	AAAATAATTACAATCCTATATTGTACAAAAAGTCTGTAATTTTAAAATTACAGACTTTTTGTACAATATAGGATTGTAATTATTCT
128857972	TAGTTGTATGTGTGTGTGTGTATATATATATATATATACACACACACACACACATATA
128885677	TCTGTATATGTATCTAGATATACATATACATGTATATGTATATCTAGATATACATATACATGTATCTGTATATGTATGT
129038632	AAATATATATATATATATATATATATATATATACAAATACATATATATATGT
129127929	ATATATAATGTGGCATATATATATATATATATATATATATATATATATATATATACCACATTTTCTTT
129222192	TCTCTCCATATATATATATATATATATATATATATATATATATATATATATATGTCCAG
129233474	TGTATATATGTGTGTTTCTATATGTACATACACACACACACATATATATA
129267790	AAAACCATATATATATATATATATATATATATATATATATATATATGTATATGAG
129356107	ATCTCAAAATATATATATATATATATATATATATATATATATATATATTTTTTTTTT
129418541	TATATATATGTGTGTATATACATATATATGTATATACACACACACACATA
129479475	TGTATATATATATATATATATATGTGTGTATATATATATATATATATATATATATATATATATATGC
129513897	ATATATATGTATATATTTATATTTATATATATATATATATATATATATATTT
130135729	AAAATGATTATATATATATATATATATATATATATATAAATGTATATATATATAATGATTAT
130438780	ATATATATCAGATATATATCATATATATCTGATATATATATCATATATGT
130754528	TATATTTATATATACGTATATATACATGTATATATACGTATACATATACACATATATATGTATACGTATATATACATGTATATATACGTATATATAAATATATAT
130863790	TTTATATATTATATATCATATAAAATATATATTATATAATATATACTATATATAATATAAA
131028988	ACATATATATATATATATATACACATATATATATATACATATATATATATATATATATATATATATAGTT
131120804	TCATATATATGATATATATGACTATATATATAGTCATATATATGATATATATGA
131473547	GAACAAGAAATATTTTATATATATATATAAATTTATATATATATATAAAATATTTCTTGTCC
131511657	AAAATATAAATTATATATTATATATAATATATATTATATATTATATATAATATATAATATATATAATATATAATATATATATTATATATAATATATATTATATATTATATATTT
131642071	CGTGAAATATATATATATATATATATATATATATATATATATATATATATATATATATATATATAGTTGTTG
131664580	TATATGTGTGTATGTGTATATATATATATATATATATATATATACACACACACACTTTAA
132060490	AAAAAAAAATATATATATATATATATATATATATATATATATATATATATATATATATTAAAAAA
132105659	TCTCTCTATATATACATATATATATATATATATATATATATATATATATATATATACACACA
132366690	ACTCTGTCTCTATCATATATATATATATATATATATATATATATATATATATATATATATATATATATATATGATAGAGCTATATT
133580627	AAATATATACATATATATATATATATATATATATATATATATATTTTTTTTT
133640497	AACCACAATAATAATAATAATAATAATATTATTATTATTATTATTATTTTGAGT
133662494	TATATATGTGTGTGTATATATATATATATATATATATATATATATATATATATATATATATATACACACACACACATA
133854281	AAAAAAATATATATATATATATATATATATGTATATATATATATATATATGTATATATATAAAAATATATATATATACACACACACATATATATGTGTGTGTATATATATATATATATATATATATTT
135222271	AACCAAATATATATATATATATATATATATATATATATATATATATATATATATAAAATAT
135223132	AAATACATATGTGTGTGTGTGTGTGTGTACATATACACACACACACATATATATGT
135553814	AAATATATAATATATATTTGAGATATATATAAAATATATAATATATATCT
138989135	ATATATATTATATATATTCAAGATATATAATATATATATTATATATATTCAAGATATATAATATATAT
138989482	ACTATATATTATAATATATATTTTATATATATACAATATATAGTATACTATATAAT
139204797	TATATATATGTGTGTGTGTGTATGAATTATATATATATAATTCATACACACACACACACACACACA
139432161	TTTATATATATATGTATATATGTGTATATATACACATATATACATATATAAATATA
139527629	TGTATATTATATATATGCATGTGTGTGTATATATACACACACGCATATACATAATATATA
139656220	ATATAATATATATAATATATATTATATATTATATATTATATAATATATATAATATATAATATATTATATATAATATATAATATATATTTTATATAATATATAATATATATTTTATATAATATACAATATATAAT
140003499	TCCATCATATATATATATATATATATATATATATATATATATATATATATATATGTCACA
140691385	ATATATACATATAATATATATGTATATATATACATATAATATATATGTATATATATACATATATTATATATGTGTATATATACATATATTT
140778033	AGTTTATATATATATATATATATATATATATATATATATATATATATGAGTT
141007890	AAAAAAAAAAAAAAAAAAAAATATATATATATATATATATATATATATATATATTTTTTTTTTTTTTT
139838527	AGCATATATATATATATATATATATATATATATATATGCATATATATATATATGCATATATATATATATATATATATATATATATATTGCAT
139870645	TTTTTATATGTATGTATATATGTGTGTGTGTGTATATATATATATATACACACACACACATATATATATATATATACACA
140818144	ACATACATACATACATATATATATATATATATATATATATATATATATATATATATATACACACACA
141006328	ATATATATGTGTGTGTGTGTGTGTATATATATATATATACACACACACACACACACACCTCT
141405734	ATATATGATATATTGTATATAATATATATCATATATAATATATGATATATGATATATAATATATAATATATA
141405829	ATATATATACATATATGTATATACATATACATGTATATGTATATACACATATACATATATAT
141655880	ATATTATATATAATATATATTATATATTATATATAATTATATATAATATATATTATATATAATATATATTAT
141655976	TATATTATATAAATTATATATAATATATATTATATATAATTTATATATAGAATATATAAATTATATATAAATTATATATTATATAAATTA
141988090	AAATATATATACACATCTATATATATATATATATATATATATATATATATATATATATACACACACA
142269708	AAAAAAAAATATATATATATATATATATATATATATATATATATATATATATATGAAAGT
143339137	ACACACATATATATATATTATATATATATATGTATATAATATATATATAATTGTTT
143448412	TGTGTGTGTATATATATATATATATATATATATATATATATATATATATATATATATATATAAGTTTATATATGT
143678650	ATCACTATGTATATATATATATATATATATATATATATATATATATATATATATATATATATTTTTTTTT
143846590	TATATATTATATATAATATATATAACACTATATGTATTATATATAATATATATAGTGTTATATATATTATATATAATATATATAACACTATATATATTACATATA
143922180	AATATATTATATATATATATATATATATATATATATATATATATATATATATATATATATTACTTTT
144321504	ATTGGTTATATATAATATATATATAATATATATATTATATATATAATATATATTATATATATATAATATATATAACCATT
144427817	TTTGTGTTTGTGTATATGTGTGTGTACACACACACACACACACACACACA
144429328	CACACACAAATGTACATACACACACGTGTGTGTATATATATGTGTGTGGG
144524515	AAAAAAAAATATATATATATATATATATATATATATATATATATATGATTATT
144717243	GGGCAAATATATATATATATATATATATATATATATATATATATATATATACTCACAC
145030082	GCACATATATACATATATATATATATATATATATATATATATATATATATATATATAGACTAA
145076589	GGAAAATTATATATATATATATATATATATATATATATATATATATATATATATACACACACA
145093214	TAAAGTATATATAGTGTGTGTATATATATATACACACACTATATATATATAA
145104152	GAAGTAAATAAATATATATATATATATATATATATATATATATATATATATATATATAATGCCT
145119822	TATCAAATATATATATATATATATATATATATATATATATATATATATATATATATATATAAATCCTA
145120378	ACATATATACAAATATATATTTATCGATAAATATATATGTACATATATTT
145120565	TATATTTGTATACAAATAAAATATATATTATATATTTGTATACAAATAAA
145120849	AAATAAATTATATATAAATAATTTATTTATAAATAAATTATTTATATATAAATAAAAT
145121032	ACAAAATTTATTTATAAATAAATTATATATAAAATTTATTTATAAATAATTTATTTATATATAAAATTTATTTATAAATAATTTATTTATATATAAAATTTATTTATAAATAATT
145121215	TAATTTATTTATATATAAATAATTTATAAATAATTTATTTATATATAAATAATTTATTTATATATAAAT
145255738	TGTATGTGTGTGTGTGTATATATATATATATATATATATATACACACACACACACATAC
145554012	ATATATATATATATCCATATATATATATATATATCCATATATATATATATCCATATATATATATATATATCCATATATATATATAT
145554120	ATATATATATATCCATATATGTATATATCCATATATATATATATATATAT
145817570	TATATATATATAAAATATATATATAATATATATAATATATATATAATATATATATAAAAATATATATATTATATATATATATATAAAATATATATTTTAATAGAGA
145900189	TGTAGGCATATATATATATATATATATATATATATATATATATATATATATATATGTACACACA
146151941	TGTGCATATATATATATATATATATATATATATATATATATATATATATATATACTTATTTCT
146160688	ACCATGATATATATATATATATATATATATATATATATATATATATATATAAAATTAT
146192008	CTCTTCTGAGGACTAAGTAACTCTAGTGATAGCAGTATATATATATATACTGTATATATATACAGTATATATATATATACTGCTATCACTAGAGTTACTTAGTCCTCAGAAGAG
146192223	AGAAGAGTATATATATATATATATATATATATATATATATACACTGCTAT
146192338	TGTGTGTGTATATGTGTGTATATATATATATATATATATATATATATATATATACACACACATTTCCA
147070095	AAGAGATTATATATATATATATATATATATATATATATATATATATATATATGCACATAT
147328594	TGATGTAAATATATATACATTATATATACAATGTAAATATATATACATTATATATACAATGTAAA
147416640	ACATGTATATATAAGTATATACATGTATACATATATATACACATGTATATACTTATATATACTTATATACATGTGTATATATATGTATATA
147589509	TTCATATATATGTATACATACATACGTACGTATGTATGTATACATATACACGTA
147592025	TCTAAAATACATATTTTTTATATATATATATATATAAAGTATATATTTTATATATATAAAGTATATATTTTATATAAGT
147592165	ATAATATATATTTATATTATATATTATATATTATATATAATATAAATATATATATT
147837537	TTTTAATGATATATTTAATATATCTTAAGATATATTAAATATTAAATTAAGA
147869691	ATATACATATACATGTATATATATAATATATAATATACATATACATATATATGTATGT
147919955	TGTGTGTGTATATATATATATATATATATATATATATATATATATATATATATATAATCTTA
148085090	TTATATATATATATAAATTGTTATATATATATATATAACATGTTATATATATATATAAATTGTTATATATATATATATAACATGTTATATATATATACA
148605537	TGTGTGTGTATATATATATATATATATATATATATATATATATATATATATA
148922144	AGATACAAATTTATATATATATATATATATATATATATATATATATATATATATATATGTATATATATATATATATATATATATATATATGTATATATATATATATATATATTTTT
149029089	TATATAATATAATATTATATCTTATATATTATATATTATATAAGATATAATATTATATGTTATATATTATATATTATATAATATATTATATTATA
149029612	TCTTATATATTATATATTATATAAGATATAATATTATATGTTATATATTATATATTATATAATATATTATATTATA
149029985	ATATAATATATAATACATAATATATAATATATTATGTATTATATATTATATATTTTAT
149030540	TATATATTATAGATATATATAAATATATTTATATATTTATATATTATAGA
149030612	TATATATTATAGATATATATAAATATATTTATATATTTATATATTATAGATATATATAAATATATTTATATATTTATATATTATAGA
149031047	TATATATTATAGATATATATAAATATATTTATATATTTATATATTATAGAGATATATAAATATATTTATATATTTATATATTATAGA
149484905	GTCTCAAAAAAAAAAAAAAAAATATATATATATATATATATATTTTTTTTTTTTTAATAGAGGC
149946268	ATATATATATATATATATATATATATATATATATATATATATATATATTTTTTTTT
150192426	TGTGTGTGTATATATATATATATATATATATATATATATATATATATATATATA
150216185	TTTTGAAAAAAAAAAAAAATATATATATATATATATATATATATATATTTTTTTTTTTTTACTA
150812776	AATAACATATATATATATATATATATATATATATATATATATATATATATATTTTTTTTTT
150847816	AAAAAAAAAAAATATATATATATATATATATATATATATTTTATATATAT
151016871	ATATCTATATCTATATCTATATCTATATAGATATAGATATAGATATCTATCT
151106770	TGTGTGTGTATATATATATATATATATATATATATATATATATATATATATA
151489952	AACTACATATGTATATATATATATATATATATATATATATATATATATATATATATATACTCTTCT
151787393	TATATTGTATATTATATATATTATATATAATATATATAAGATATATTATATATAATATTATATATAATATATATTATATAGTAT
155197764	AAAAAAAATATATATATATATATATATATATATATATATATATATGATAT
155286713	TTACATGTTATATATAATATATTACATGTTATATATAATATATAATATGTTA
155286811	TTATATATAATATAATATATAATATATATTATATATAATATATATTATATATATTATATATTATATATTATATATTATATTATATATATTATATATTATATATTATATATTATATTATATATATTATATATTATATTATATATTATATATTATATTATATATATTATATATTATATTATATATATT
155287272	ATATATATACATAATATATATGTATATATACATATATACTATGTATATATGT
155287465	ACATATATACGTACGTATATATGTATATATACATATATACGTATATATGTATAT
155287715	TATACATATATATGTATATATTATACATATATATGTATATATTATACATATATATGTATATATTATACATATATATGTATAATATAT
155596868	CACATATATATATATATATATATATATATATATATATATATATATGTGTGTGTG
155741280	TATTAGCTTTTATTAGCTTTTATTAATTAATAAAAGCTAATATAAGATATTA
156427871	AATTATATAATATATATTATATATTATATTATATATAATATATATTATATATTATATTATATATAATATATATTATATATATAATATATAATATATATTATATATATATTATATAATATATATTATATATATATTATATAAT
156690614	AAACATACATATATATATATGTATATATATATATATATATATATATGTATATATATATATATATATATACACATATATATATATGTATACATATATATATATATAGAGA
157143962	TCCAGCATATATATATATATATATATATATATATATATATATATATATATATTTCAGT
157148263	ACTGTATGTATATATATATATATATATATATATATATATATATATATGTATACATATATTTTT
157622236	TGTATATATGTGTATATATAATATATATATTATATATATGTATATATATA
157622394	ATGTATATACGTATATATAATATATATGTATATACGTATATATAATATATATGTATATACGTATATATAATATATATGTATATACGTATATATAATATATATGTATATACGT
157622750	TATATATGTATATATAATATATATGCATATATGTATATATATTATATATGTATATATA
157890020	AAAAAAAAATATATATATATATATATATATATATATATATATATATATATATATACACAT
158233416	TCTGAAGCTATATATATATATATATATATATATATATATATATATATATATACACATATATATTTGT
155850286	ATATTATATTTTATTATAATATAATATATTTTATTATAATATAATATATTTTATTATAATATAATATATTATAATTT
155850364	ATTATAATATATTATATTTTATTATAATATAATATATTATATTTTATTATAATATAATATATTATATTTTAATAAAATATAATATATTTATT
155951098	TCTTACTATATATATATATATATATATATATATATATATATATATATATATATATATATGGTTTTA
156209187	AACTATATATATATATATAATATATATATATAATATATATATACATATATGT
157057929	ATTATATATTATATATATATACTATATATATTGTATATATATACACTATATATT
157653166	TCTGTCCATATATATATATATATATATATATATATATATATATATATATATATTTTTTTTT
157675084	TGTATTTATATGTTTATATACATAAACATATGTTTATGTATATAAACATATATATATA
157880862	ACTAAAATATATATATATATATATATATATATATATATATATATATATATAAATCAAAA
157936800	TATATATATATGTGTGTGTGTGTGTGTATACATACACACACACATATATATTTACA
157952328	AAATATACATATATACGTATATATGTATATACGTATATATGTATAAACGTATATACGTATATATGTATATAT
158293816	TAATATATGTATATATATGTATATGTATATATATATATATATATATATATATATATATATATATATATATATATATATATATATATAAAGCCACA
158893796	GCTTATATATATATAAACTGCTTATATATATATAAACTGCTTATATATATATAAACTGCTTATATATATATAAACTGCTTATATATATAAA
158893910	TAAACTGCATATATATATATATATATATATATATATATATATATATACTGCTTA
159000513	ATTATATATAATATATATTATAATATATATATATTTTATAATATAGATAATATATATTATAATATATATTATATACATAATATATATATTATGTATATAATATATATATAAACA
159006504	GAAACTGTATATATATATATATATATATATATATATATATATATATACACACACA
159031741	AAAATTGTATATATATATATATATATATATATATATATATATATATATATATATATATCCT
159121871	ATGGTGTGTGTATGTATATATATATATATATATATATATATATATATACACCCACACCAT
159494257	ATTTTGTATTATGAAAACAGTTTTCATAAGACAAAATTTTGTCTTATGAAAATAGCTTTCATAATACAAAAT
159709966	CCTTGGAATATATATATATATATATATATATATATATATATATATATATACATATATATATATATATACCTAAG
159781598	AAAAAAGTATATATATATATATATATATATATATATATATATAGATTTATAAGT
160079889	ATATAATTATATAATATATTATATATACATGTATATATAATATATTATATATACATGTATATATAATATATTATATATACATGTATATATAATATAT
160182834	AAAAAAAAAAAATATATATATATATATATATATATATATATATATATATATTATAATTTTAT
160210387	ATATATATATATATGTGATGGATATATCTATCCATGGATATATCCATGGATAGATATATCCATCACATATATATATATAT
160249986	TTACATATACATATATATATACATATATATATATATATATATATATATATATATATAAA
160426990	TCAGTTTATATATATATATATATATATATATATATATATATATATATATATATATAAAGGG
160446757	ATGTACATGTATGTGTGTGTGTGTGTGTATATATATATATATACACACACACACACACATACACATATAT
160451659	TATATATATACACACACATATATATACGTATATATATATATGTATATATATACA
160597255	GTATTCTATATATATATATATATATATATATATATATATATATATATATATATATATATATATATACACAGTTC
160610786	TAATCAAATATTTTAATATTTAAATATTTAAATATTTAAATATTTAAATATTTAAATATTTTAATATTTTGA
160890548	AAATATTTTTATTTATATATATATATATATATATATATATATATATATATATATATATGAAAGAGA
161073360	AGGTGTGTGTATGTATGTGTATATATATATATATATATATATATATATACACACACACACATACACACAC
161090590	TCATTTAAATAATTTAAATAATTTAAATGATTTAAATAATTTAAATAATTTAAATGATTTAAATAATTTAAATAATTTA
161203269	ATATATATGTATGTGTGTGTATATATATATATATATACACACACACTTATATGT
161356406	ACGGGTGTATATATATATATATATATATATATATATATATATATAGTCACAT
161370138	TGTGTGTGTATATATATATATATATATATATATATATATATATATATATATATATATAGTGTC
161536391	TATAATATATATATATATATATATATATATATATATATTTATTTATATAAAAT
161606104	GTATTCTATGGTATATATATATATATATATATATATATATATATATATATATATACCATAGAATAC
161606184	TGTATATACATACATGTGTGTATATATATATACACGTATATATGTATATATA
161632262	TGTACATGTATATACATGCATATGTATATACATGTACATGTATATACATGCATATGTATATACATGTACATGTATATACATGCATA
161807655	TTTATATATATATATATATATATTTATATATATATATATATATATTTATATTAA
161824986	TGTATATGTATATATACATACATATATATATATATATATATATATATATATATATATATATATGGCAA
162132400	CAAGGATATATATATATATATATATATATATATATATATATATATATATGTATGTATGTATGC
162190116	TCTCTCTATCTCTCTCTCTCTATATATATATATCTATAGATAGAGAGAGAGAGAGAGA
162208488	TATATACATATACATATATATGAATATATACATATATATGAATATATATACATATATATGAATATATACATATATATGAATATATATACATATATAT
162208594	ATATATATGAATATATATACATATATATAATATATAATATATATGAATATATATACATATATGT
162464339	ACGTCTATAAATATATATATATATATATATATATATATATATATATATATATATATATATATATTTATGG
162502035	TATAAACATATACATACATATATATATATATATATATATATGTATATACTTACA
162512218	TATATATATGTGTGTATATATATATATATATATATATATATATATATATATATAT
162654018	TCTATAGCATATATATATGCTATATTATAATATATAATATGTATATGCTATACA
162856447	TTTATATAATATATAATATATAATATACATGTATATTATATATTATATATAATATATAATATACATGAATAATATATATAATACA
163239282	AGATACATATATATATATATATATATATATATATATATATATATATATATATATATATATGAGATT
163401500	AGTGTAATTATATATATATATATATATATATATATATATATATATATATATTCTTT
163413713	AACTGTGTATATATATATATATATATATATATATATATATACACACAAAT
163755521	TATTTATATATAAATATATAAATACGTATTTATATATGTATTTATATAAA
163755810	ATATATATTTATATATGTATTTATATATAAATACATATTTATATATACGT
163755868	ATATGTATGTATATATACATGTATACGTATACGTATATATGTATGTATATATACATGT
163756230	TGTATTTATATATAAATATATATGTATTTATATATAAATATATATGCATTTATATATAAATATA
163756611	TGTAATATATATTATTTATATAATATATATTATTTATATAATATTTATTATA
163807081	ACACACACACACACATATGTGTATATATACACACATGTGTATATGTGTAT
164110789	TTTTATATATAATATATATATAATATATATTATATATTTTATATATAATATATATATTTT
164261233	GTCATTAAATATATATATATATATATATATATATATATATATATATATATAGCCAA
164448985	AAAGAGAATATATATATATATATATATATATATATATATATATATATATATATACTTTTTTT
164520498	GTTTTATGGTCAGATGTGAGCGTACATATATGTGCGCTCATATCTGACCATCAATC
164604326	TGCACATATATATATATATATATATATATATATATATATATATATATAAAACTTC
164772530	TGTATATATATATTACACATAATATATATATATTATATATATTATATATATACA
164898135	TATATATATATATATATATATATATATATATATATATATATATACACACACA
165065486	TGTGTTATATATATATATATATATATATATATATATATATATATATATATATATAGCCTA
165182081	TGTGTGTGTATATATATATGTACATATATATATGTACATATATATATGTACATATATATATGTACATATATATATGTACATATATATATGTACATATATATATGTACATATATATGTAT
165432946	ACATATATACATACATACATATATATATATATATATATATATATATATATATATATACACA
165586451	TTTGTGTGTGTGTGTGTGTGTGTGTATATATATGCACACGCACACACACACACACACACA
166111584	TAAAACAAATATATATATATATATATATATATATATATATATATATATATGTAACTTT
166115862	TGACTGCATATATATATATATATATATATATATATATATATATATATATAGTGA
166297395	TATATACTTATATATAATATATATAATATATTAATATATATAATTAATTATATATATTAATATATTATATATAATATATATAAAGATACA
166368602	GTATGTATGTATGTGTATATATATATATATATATATATATATATATATATATATATACATTCTTA
166483578	TCTATATAAATATATCTATATAAATATATATCTATATAAATATATCTATATAAATATATATCTATATAAATATATCTATATAAA
166511326	TTTAGTTATATATATATATATATATATATATATATATATATATATACAGATCA
166858919	ATATATATATATACATATATATATACATATATATGTATATATATATGTATATATATATATATATGGA
166942613	ATATATATATACATATATATACATATATATGTATATATATACACATATATACGTATATATGTGTATATATATTTTGA
167067844	TCCATATATATATATATATCCATATATATATATATATATATATATATATATATATATATATATATATCTTTCTCT
167228106	AAAAAAAAATATATATATATATATATATATATATATATATATATATATATATGTATATATT
167334524	CCTAAATATATATATATATATATATATATATATATATATATATATATATATATGTATGTATTAT
167461080	TGTATACATATATATGTGTATATATATATGTATACATATATATGTGTATATATATATATGTATACATATATATGTGTATATATATATGTATATATA
167585807	AAAAATGTGTGTGTGTGTGTGTGTGTGTATATATATATATATATATATACACACACACACACACACATATATATGT
167585895	ATATATATACATGTATATATGTATATATACACATATATATGTATATACGTATATACATATATATATGTACGTGTATACATATATATAT
167612912	AGACTGACATATATATATATATATATATATATATATATATATATATATATATATATATTTGAATTT
167628273	TATGTATATTTGTGTGTGTGTGTATATATATATACACACATACATATATACAGA
167663939	TAATCATATATATATATATATATATATATATATATATATATATATATATATATATATATATATATATTTTTTTTT
168051189	TTTCTAAATTATATATATATATATATATATATATATATATATATATATATATATCTTTTATAGA
168616526	ATGGGATATATATATATATATATATATATATATATATATATATATATATATATATATGCAGT
168856737	AAATATGGAGATATATATATATATATATATATATATATATATATATATATATGAA
168863471	AATGATTATATATATATATATATATATATATATATATATATATATATATATATATATGTTAAAT
169576925	TTGTTTTATATATATATATATATATATATATATATATATATATATATATACACACACA
170024778	AGAGAGATAAATATATATATATATATATATATATATATATATATATATATATATATGAA
170382641	TATGCTCAGTGTATATATATATATATATATATATATATATATATACACTGAATGAA
170480876	TAGTTCATATATATATATATATATATATATATATATATATATATATATATATAATTGC
170704626	ATACATATATGTATGTATATATATATATATATATATATATATATATTTATGTCT
170941034	TGCATACATACATATATATATATATATATATATATATATATATATATATATATCTTTATTAA
170981346	ACTTACAGTATATATATATATATATATATATATATATATATATATATATATATATATATATATATAATGAGAAT
170989618	ATAAATATAAATATAAATATATATATATATATATATATATTTTTTTTTTT
171437658	TGTAACTATATATATATATATATATATATATATATATATATATATATATATATACACACATACA
171795456	TTATATATATATATATTATATATATATATAAAATATATATATATTATATATATATATATAAAATATATATATATTATATATATATATAAAATATATATATATTATATATATATAAAATATGTTATATATATATATAAAATATGTTATATATATAATATATATGTTATATATATATATAATATATATGTTATATATATAAAATATATATATTATATATATATAAAATATATATGTTATATATATAAAATATATATATATTATATATATATAAAATATATATTTAATATATGT
172120006	TCATACTTGCTCATTATAGAAAATTTCCCAAATTTCCCAAATTTTCTATAATGAGCAAGTATGA
172575076	AAAAAAAAAAATATATATATATATATATATATATATATATATATATATATATATATATATATATTTTAATAGA
172593558	TATGGATATATATATATATATATATATATATATATATATATATATATACACACACA
172765130	CACGTGTATATATATATATATATATATATATATATATATATATATATATATATAGGC
172898010	AGATATATATATATATACATATATACGTATATATGTATATATATGTGTGTAT
173050027	ATAATGAAGAATATATATATATATATATATATATATATATTTTTTTTTTT
173118212	CTTATTTGGCCTCCGATATGTGGCATGCCACATATCGGAGACCAAATAAG
173695328	ACAGTGATATATATATATATATATATATATATATATATATATATATATATATATATATACACACACA
174015409	AAAAAAAAAAAATATATATATATATATATATATATATATATATATATATATATGTTAGTTTTGT
174278701	GACTCCATCTCTCTCTCTCTCTCTCTCTCTCTATATATATATATATATATATAGAGAGAGAGAGAGAGAGAGAGAGAGAGTCA
174477971	TATATAAGAATATATATATTCAAATATATATAAGAATATATATATTCTTAGAAATATAAGAATATATATATTCTTATATATATCTAAGAATATATATATTCTTAGATATATATAAGAATATATATATTCTATATT
174514043	TGTGTGTATATATATATATATATATGTATATATATATATATATATATATATATATATATATATATATATATATTTTTTTTT
174553700	TGCAGAATATATATATATATATATATATATATATATATATATATATATATATGTTTTTTA
174951120	AAAAAAAAATATATATATATATATATATATATATATATATATATATATATATATCTCCAAT
175152565	AAAATGTCATATATATATATATATATATATATATATATATATATATGTCCATTT
175203417	CCCCCAAATATATATATATATATATATATATATATATATATATATATATTTGAGT
175439789	TACGAGTATATATATATATATATATATATATATATATATATATATATGAATAAT
176038353	ATCCTTTAAAATATATATATATATATATATATATATATATATATATATATATATATATATATATATATATTTAAAATTCT
176612646	ACAGAGACCAAATATATATTATATATATATATAATATATATTTGTTTTTTAT
176613052	ATATAACATATAATATATGTTATATATAATATATTATATATAACATATATTATATTATATGT
177257946	ATATTTTATATATATATATATATATATATATATATATATATATATATATATACTCGT
177258834	TATATGTGTGTGTGTGTGTATATATATACACACACACACACACACACAAA
177415833	ATATATATATATATACACATCGGTATATATATATATACACATCTGTATATATATATATATATATATATCTGTATATATATACACATCT
177925195	TCTTTATTTAAATATATATATATATATATATATATATATATATATATATATATATATATATATAAAAGAA
177950142	AAATATATATATATATATATACATATATATATATATACACATATATATATATATATATATAGA
178824484	ATAGTGTATATATATATATATATATATATATATATATATATATATATATATATATATATATATATGGTTT
180009458	ATGTGTGTGTGTGTGTGTGTGTGTATATATACACACACACACACATATATACCT
180246345	TTATATATTGTATATAATTATATAATATATAATATAATTATATATTATATATTA
180296492	TGTGTGTGTGTGTATATATATATATATATATATATATATATATATATATATATGCACATACATATA
180742755	TAAATTTACATATATATATATATATATATATATATATATATATATATATATATATATACACGTTT
180766469	AGAATATGAGACATTTCCCTAATCATTATGTGTAATTACAATTACATATATATATGTAATTGTAATTACACATAATGATTAGGGAAATGTCTCATATTCT
180813615	TATATGTGTATATATATGTGTGTATATATATACACATATATATACATTTACA
180813668	
